{"current":{"layout_style":"normal","box_width":"1300","color_body_bg":"#ffffff","pagebox_bg":"#ffffff","bodybg_img":"","color_body_text":"#333333","bodybg_repeat":"repeat-x","bodybg_position":"center_center","bodybg_size":"cover","bodybg_attach":"fixed","body_overlay":0,"top-information-bar":false,"show_sticky_arrow":true,"ajax_cart":true,"enable_wishlist":true,"enable_site_animation":true,"site_animation_mobile":true,"rtl":false,"favicon":"","favicon_retina":"","hm_keywords":"","hm_author":"","breadcrumb_cl":true,"breadcrumb_pr":true,"breadcrumb_pg":true,"br_bg":"#f9f9f9","bf_text":"#111111","free_ship":"99","free_ship_msg":"Spent $ more for <b>free shipping!<\/b>","got_free_ship":"<b>Congratulations! <\/b>You got <b>Free Shipping<\/b>","free_ship_minicart":true,"show_free_ship":true,"free_ship_cartpage":true,"show_estimate_ship":true,"estimate_ship":"4\/10","estimate_shipping_msg":"Estimated Delivery  Between [startdate] and [enddate].","terms_checkbox":true,"terms_text":"I agree with the terms and conditions","enable_age_varification":false,"enable_birthdate":true,"agevari_popup_bg":"","agevari_popup_bg_clr":"#111111","body_font":"open_sans_n4","type_base_size":13,"header_font":"roboto_condensed_n4","heading_weight":"700","type_header_base_size_lh":1.1,"type_header_base_size":26,"type_header_base_size_2":22,"type_header_base_size_3":16,"type_header_base_size_4":15,"type_header_base_size_5":16,"type_header_base_size_6":14,"type_header_letter_space":5,"color_text":"#111111","color_text_field_text":"#111111","color_text_field":"#ffffff","field_bd":"#dddddd","btn_style":"flat","color_button_text":"#ffffff","color_button":"#e34848","btn1_bd":"#e34848","color_button_text_hov":"#ffffff","color_button_hov":"#111111","btn1_bd_hover":"#030505","color_small_button_text":"#111111","color_small_button":"#ffffff","btn2_bd":"#131313","color_small_button_text_hov":"#ffffff","color_small_button_hov":"#111111","btn2_bd_hove":"#111111","link_btn_txt":"#e34848","link_btn_txt_hv":"#000","navigation_font_size":12,"navigation_font_weight":"600","navigation_txt_case":"uppercase","navbarbdr":"#eee","navbar":"#881d1d","navbar_link":"#111111","navbar_link_hv":"#f06543","nav_link_lbl":"#ffffff","nav_link_lbl1":"#ff0000","nav_link_lbl2":"#1cb5b5","nav_link_lbl3":"#7fbf10","nav_link_lbl4":"#d0a306","nav_link_lbl5":"#af4de2","nav_mm_bg":"#ffffff","nav_mm_title":"#000000","nav_mm_title_case":"uppercase","nav_mm_link":"#444444","nav_mm_link_hv":"#e34848","nav_dd_link":"#444444","nav_dd_link_bg":"#ffffff","nav_dd_link_hv":"#e34848","nav_dd_link_bghv":"#ffffff","nav_dd_divider":"#eeeeee","mobile_nav_bg":"#ffffff","navigation_text":"#333333","border":"#eeeeee","subnav_color_shade":"darken","slideshow_text_1":16,"slideshow_text_2":38,"slideshow_text_2_lh":1.2,"slideshow_text_3":18,"slideshow_text_3_lh":1.3,"color_slideshow_image_overlay":"rgba(0,0,0,0)","image_slideshow_overlay_opacity":0,"display_overlay":false,"display_overlay_mb":true,"slide_overlay_clr":"#ffffff","slide_caption_opacity":0.6,"sec_spacing":50,"sec_spacing_small":20,"title_align":"text-center","section_heading_1_size":18,"section_heading_1_lh":1.4,"section_heading_2_size":15,"headings_clr":"#111111","tab_font_size":12,"pr_tab_txt":"#2d2c2c","pr_tab_txt_ac":"#ffffff","pr_tab_brd":"rgba(0,0,0,0)","pr_tab_brd_ac":"rgba(0,0,0,0)","pr_tab_bg":"rgba(0,0,0,0)","pr_tab_ac_bg":"#e55151","mob_text_clr":"#ffffff","mob_bg_clr":"#111111","mob_text_clr_active":"#111111","mob_bg_clr_active":"#f5f5f5","text_size_colle_list":20,"text_size_colle_list_mbl":14,"box-text":18,"box-text_mbl":14,"text_size_heading":16,"text_size_content":14,"pbanner-title":30,"pbanner-des":16,"hero_text_size_heading":22,"hero_text_size_content":14,"color_image_overlay_text":"#000000","text_bg":"#ffffff","text_bg_opacity":0.7,"cl_bnr_title":18,"cl_bnr_des":13,"sidebar_ttls":"#111111","sidebar_links":"#000000","sidebar_links_hv":"#8dc337","footer_top_bdr":"rgba(0,0,0,0)","footer_top_bg":"rgba(0,0,0,0)","footer_title":"#000000","top_footer_text":"#111111","icon_colors":"#191c1c","footer_bottom_bg":"#ffffff","footer_bottom_text":"#111111","footer_border":"#ffffff","newsletter_input":"#ffffff","newsletter_input_txt":"#000000","newsletter_btn_txt":"#ffffff","newsletter_btn":"#000000","ttl-font":22,"font-style":"700","cart-header":"#f5f5f5","cart-summery":"#f5f5f5","scroll_icon_colors":"#ffad00","text_link":"#333333","text_link_hv":"#c20909","header_bg_clr":"#eee","color_borders":"#eeeeee","tooltip_bg":"#000000","tooltip_text":"#ffffff","topbar":true,"topbar_fullwidth":true,"leftTxt":"<i class=\"ad ad-phone-l\"><\/i> \n Order on Call <a href=\"tel:4400111044%20833\">+440 0(111) 044 833<\/a>","leftTxt-mobile":true,"centerTxt":"Sale countdown timer to boost sales by urgency","centerTxt-mobile":false,"rightTxt":"Follow Us: [social-icons]","rightTxt-mobile":true,"top_bar_text":"#ffffff","top_header_clr":"#000000","main_header_fullwidth":true,"logosvg":"avon-logo.svg","logo":"","align_logo":"left","logo_width":"100","logo_height":"30","header_height":"80","mobile_header_height":"50","logo_width_mbl":"90","nav_below_logo":false,"hdTxt-block":"Welcome to our store. Signup now and get 20% off.","show_sticky_header":true,"sticky_logo_width":"100","sticky_logo_height":"30","sticky_header_height":"50","main_header_bg":"#ffffff","header_bd":"#fff","header_ico":"#030505","icon_size":18,"icon_style":"basket","cart_count_clr":"#000000","cart_count_text":"#ffffff","home_classic":false,"logo_cl":"","icon_text_clr":"#e11414","drawer_bg":"#ffffff","drawer_txt":"#050000","drawer_bdr":"#eeeeee","secondary_image":true,"show_vendor":false,"show_product_review":true,"show_product_review_cnt":false,"display_countdown":true,"enable_quickshop":true,"prlist_btn_show":false,"btn_mobiles":false,"show_color_swatch":true,"color_type":"color","vr_bg_position":"50% 50%","color_size":"medium","color_style":"rounded_rectangle","prbox_style":"style1","pr_lbl":true,"select_label_style":"rounded","lbl_txt":"#ffffff","sale_lbl":true,"sale_label_style":"discountlable","lbl_sale_cl":"#ff708e","lbl_sold":"#000000","pr_label1":"new","pr_label1_cl":"#000000","pr_label2":"hot","pr_label2_cl":"#e9a400","pr_label3":"","pr_label3_cl":"#81d53d","Prod_name_font_size_S":13,"prod_title_transform_s":"none","prod_font_weight_s":"normal","prbox_bdr":"rgba(0,0,0,0)","color_product_title":"#111111","color_price_text":"#222222","color_sale_text":"#000000","prbox_vendor":"#777777","acti_swatch_bdr_clr":"#e55151","grid_btn_style":"flat","prbox_btnbg":"#363232","prbox_btn_ico":"#ffffff","grid_countdown_text":"#111111","grid_countdown_text_bg":"#ffffff","grid_countdown_border":"#ffffff","Products_countdown_text_bg_opacity":"0.75","product_fullwidth":false,"product_latyout":"style3","sticky_cart":false,"enable_zoom":true,"enable_lightbox":false,"thumbnail_pos":"bottom","show_saleoff":true,"spr_vendor":false,"spr_review":true,"spr_availability":true,"spr_sku":true,"show_product_type_single":false,"show_short_desc_single":true,"askaboutproduct":false,"shippingpopup":false,"shippingpage":"button-styles","sizechart_link":true,"sizechart_type":"brand","sizechart_page":"button-styles","enable_payment_button":false,"show_collection":false,"show_tags":false,"show_share_buttons_single":true,"sharing_lbl":"Share :","enable_360":true,"max_width_popup":400,"max_hegiht_popup":500,"spr_navigation":true,"spr_navigation_mb":true,"countdown":true,"countdown_lbl":"Hurry up! Sales End In:","countdown_text":"#050000","countdown_text_bg":"#f8f8f8","countdown_border":"#dddddd","show_swatch":true,"sw_color_type":"vrimage","v_bg_position":"50% 0","sw_color_size":"small","sw_color_style":"rounded_rectangle","var_style":false,"quantity_msg":true,"max_quantity":18,"product_qunt_text_clr":"#ffffff","product_qunt_bg":"#ff656c","fake_orders":true,"orders":20,"orders_time":24,"orders_msg":"[orders] sold in last [hours] hours","fake_visitors":true,"visitors":50,"visitors_time":5,"visitors_msg":"[visitors] People looking for this product right now","trust_seal_img":"","store_ft1":"<i class=\"ad ad-truck-l\"><\/i> Free Shipping & Return","store_ft2":"<i class=\"ad ad-sync-ar\"><\/i> Money back guarantee","store_ft3":"<i class=\"ad ad-question-l\"><\/i> Fast & reliable support","feature_txt":"#111","Prod_name_font_size":24,"prod_title_transform":"none","prod_font_weight":"600","Prod_price_font_size":24,"prod_price_font_weight":"600","checkout_btn_bg":"#000000","checkout_btn_text":"#ffffff","tab_align":"left","pr_tabs_bg":"#f5f5f5","pr_tabs_txt":"#000","pr_tabs_bg_act":"#ffffff","pr_tabs_txt_act":"#000000","dis_border":true,"pr_tabs_bdr":"#ddd","pr_tabs_bdr_act":"#dddddd","cart_bg":"#000000","cart_text":"#f5f5f5","cart_qty_bdr":"#535353","cart_btn":"#e34848","cart_btn_text":"#ffffff","show_multiple_currencies":true,"auto_currencies":true,"currency_title":"SELECT CURRENCY","currency_format":"money_format","supported_currencies":"INR GBP CAD USD AUD EUR JPY","default_currency":"USD","show_language":true,"language_title":"SELECT LANGUAGE","default_language":"English","languages":"language","crn_lan_btn":"#000000","crn_lan_btn_act":"#f04343","show_notification":false,"hide_notification_mb":true,"notify_collection":"shoes","notify_msg":"Someone liked and Bought","fake_time":true,"time_msg":"Minutes Ago","location_msg":"From","notify_location":"Singapore | New York | Dubai | Paris | London | Amsterdam | Sydney","notify_delay":"10000","notify_display":"7000","pnp_boxbg":"#ffffff","pnp_boxbg_txt":"#000000","quick_view":true,"spr_review_quick":true,"show_product_availability":true,"show_product_sku":false,"show_product_type":false,"show_product_vendor":true,"show_short_desc":true,"show_variant_swatches":true,"show_share_buttons":true,"show_view_full_info":true,"announcement":false,"announcement_mb":false,"announcement_txt":"UP TO 80% OFF ON THE ENTIRE STORE! hurry up!","announcement_link":"shopify:\/\/products\/360-rotating-makeup-organizer","annouance_bg":"#f06543","annouance_txt":"#ffffff","annouance_fs":11,"mailChimp_url":"","newsletter_code":"","newsletter_popup":true,"newsletter_popup_time":"5000","newsltr-style":"style3","newsletter_img":"shopify:\/\/shop_images\/news-nem.jpg","newsletter_popup_title":"WANT 10% DISCOUNT?","ttl1":32,"newsletter_popup_subtitle":"Join our newsletter now","ttl2":16,"newsletter_popup_bg":"#fafafa","newsletter_popup_text":"#ffffff","btn_clr":"#000000","btn_txt":"#ffffff","show_social_icons":true,"newsletter_social_icn":"#ffffff","newsltr_close":"#ffffff","show_gnote":false,"show_closetrext":true,"share_image":"shopify:\/\/shop_images\/01_preview.png","share_facebook":true,"share_twitter":true,"share_pinterest":true,"share_email":true,"social_twitter_link":"https:\/\/twitter.com\/adornthemes","social_facebook_link":"https:\/\/www.facebook.com\/adornthemes\/","social_pinterest_link":"https:\/\/in.pinterest.com\/adornthemes\/","social_instagram_link":"https:\/\/www.instagram.com\/adornthemes\/","social_tumblr_link":"","social_youtube_link":"","social_vimeo_link":"","checkout_header_image":"","checkout_logo_image":"","checkout_logo_position":"left","checkout_logo_size":"medium","checkout_body_background_image":"","checkout_body_background_color":"#ffffff","checkout_input_background_color_mode":"white","checkout_sidebar_background_image":"","checkout_sidebar_background_color":"#fafafa","checkout_heading_font":"Roboto","checkout_body_font":"Lato","checkout_accent_color":"#1990c6","checkout_button_color":"#16395b","checkout_error_color":"#ff6d6d","feature_txt_bg":"#eee","newsletter_popup_title_color":"#000000","sections":{"footer":{"type":"footer","blocks":{"1561525082470":{"type":"contact","settings":{"title":"CONTACT US","logo":"","address":"55 Gallaxy Enque,<br>2568 steet, 23568 NY","phone":"<b>Phone : <\/b> (440) 000 000 0000","email":"<b>Email : <\/b>sales@yousite.com","show_icons":false,"show_socials":false,"socials_ttl":"Stay Connected","width":"20%"}},"1560417691775":{"type":"menu","settings":{"title":"CUSTOMER SERVICE","menulinks":"customer-service","width":"20%"}},"1559218222806":{"type":"menu","settings":{"title":"COMPANY INFO.","menulinks":"information","width":"20%"}},"1561524997611":{"type":"socialicons","settings":{"title":"STAY CONNECTED","width":"20%"}},"1543494586357":{"type":"newsletter","settings":{"newltr_align":false,"title":"FOLLOW THE LATEST TREND AND STYLE","sub_title":"","show_socials":false,"socials_ttl":"Stay Connected","width":"20%"}}},"block_order":["1561525082470","1560417691775","1559218222806","1561524997611","1543494586357"],"settings":{"section_width":true,"copyright_text":"© 2019 Avone. All Rights Reserved. Ecommerce Software by Shopify","show_payment":true,"show_payment_visa":true,"show_payment_mastercard":true,"show_payment_american_express":true,"show_payment_paypal":true,"show_payment_discover":true,"show_payment_stripe":true,"show_payment_jcb":true,"payment_img":"shopify:\/\/shop_images\/footer-payment.png"}},"cart-template":{"type":"cart-template","settings":{"layout":"style2","cart_notes_enable":true,"display_saving":true,"shippingTax":true,"additionalCheckout":true,"currency_notes":"We processes all orders in [shop.currency]. While the content of your cart is currently displayed in [selected.currency], the checkout will use [shop.currency] at the most current exchange rate.","payment":"","shipping_calculator":true,"shipping_calculator_heading":"Get shipping estimates","shipping_calculator_default_country":"United States","shipping_calculator_submit_button_label":"Calculate shipping","shipping_calculator_submit_button_label_disabled":"Calculating...","enable_giftcard":true,"gift_product":"gift-wrapping","gift_wrap_optin":"diffrent-rate","gift-wrap-text":"Add a Gift Wrap to your order, For $","gift-wrap-msg":"Gift Message Note:"}},"product-template":{"type":"product-template","blocks":{"1551070915808":{"type":"descriptions","settings":{"title":"Product Details"}},"1551070927092":{"type":"review","settings":{"title":"Reviews"}},"1551070946133":{"type":"sizechart","settings":{"title":"Size & Fit"}},"1551070955235":{"type":"custom","settings":{"title":"Shipping & Returns","content":"<p><strong>Returns Policy<\/strong><\/p>\n<p><\/p>\n<p>Lorem ipsum dolor sit amet, consectetur adipiscing elit. Fusce eros justo, accumsan non dui sit amet. Phasellus semper volutpat mi sed imperdiet. Ut odio lectus, vulputate non ex non, mattis sollicitudin purus. Mauris consequat justo a enim interdum, in consequat dolor accumsan. Nulla iaculis diam purus, ut vehicula leo efficitur at.<\/p>\n<p><br>Interdum et malesuada fames ac ante ipsum primis in faucibus. In blandit nunc enim, sit amet pharetra erat aliquet ac.<\/p>\n<p><\/p>\n<p><strong>Shipping<\/strong><\/p>\n<p>Pellentesque ultrices ut sem sit amet lacinia. Sed nisi dui, ultrices ut turpis pulvinar. Sed fringilla ex eget lorem consectetur, consectetur blandit lacus varius. Duis vel scelerisque elit, et vestibulum metus. Integer sit amet tincidunt tortor. Ut lacinia ullamcorper massa, a fermentum arcu vehicula ut. Ut efficitur faucibus dui Nullam tristique dolor eget turpis consequat varius. Quisque a interdum augue. Nam ut nibh mauris.<\/p>"}},"1556802441189":{"type":"metafields","settings":{"title":"Chair Contents","key":"chair"}},"1556802472044":{"type":"metafields","settings":{"title":"Clothes","key":"clothes"}}},"block_order":["1551070915808","1551070927092","1551070946133","1551070955235","1556802441189","1556802472044"],"settings":{"show_product_tabs":true}},"collection-template":{"type":"collection-template","blocks":{"1514543984698":{"type":"categories","settings":{"title":"COLLECTIONS","side_categories":"categories"}},"1514544048360":{"type":"by_color","settings":{"title":"COLOR","filter_tags":"Black, Red, Green, Blue,  Orange, Pink, White, Gray, Gold, Purple, Navy, Olive, Aqua, Violet,\nTan,Aqua Blue,\nWhite Black,\nOlive Green,\nSage,\nBlue\/Red,\nBlack\/Grey,\nBlack\/Pink","color_size":"medium","color_style":"rounded_rectangle"}},"1552451607178":{"type":"filter_by","settings":{"title":"SIZE","filter_tags":"M,S,XS,L,XL","twocall":false}},"1514544014309":{"type":"filter_by","settings":{"title":"PRICE","filter_tags":"Below $100,\nUnder $100,\n$100 - $200,\n$200 - $300,\n$300 - $400,\n$400 - $500\n$500 - $600,\n$600 - $800,\n$800 - $1000,\nAbove $1000","twocall":false}},"1560068875459":{"type":"slideshow","settings":{"display_mobile":true,"cat-bnr-1":"","cat-bnr--url-1":"","cat-bnr-2":"","cat-bnr--url-2":"","cat-bnr-3":"","cat-bnr--url-3":"","cat-bnr-4":"","cat-bnr--url-4":"","cat-bnr-5":"","cat-bnr--url-5":""}}},"block_order":["1514543984698","1514544048360","1552451607178","1514544014309","1560068875459"],"settings":{"fullwidth":true,"show_collection_image":true,"banner_position":"content-side","bheight":100,"bheightipad":90,"bheightmob":60,"banner_style":"info-below","text-align":"text-left","clr_bg":"rgba(0,0,0,0)","clr_text":"#111111","secondary_image":true,"show_vendor":true,"show_product_review":true,"show_product_review_cnt":true,"prlist_btn_show":false,"btn_mobiles":false,"show_color_swatch":true,"color_type":"color","vr_bg_position":"50% 0","color_size":"small","color_style":"rounded","sort_enable":true,"dis_prod_cnt":true,"dis_grid_icn":true,"prbox_style":"style2","grid":5,"tablet-grid":3,"mobile-grid":2,"rows":"15","pagination":"default","collection_sidebar":true,"sidebar_position":"popup"}},"contact-template":{"type":"contact-template","settings":{"layout":"style1","show_google_map":true,"map_address":"80 Spadina Ave, Toronto","show_button":true,"api_key":"AIzaSyBfs0U_8RAYVZGgqMLb_dgO55R4Cw0X30k","contact_title":"Drop Us A Line","contact_text_desc":"Lorem Ipsum é um texto modelo da indústria tipográfica e de impressão. O Lorem Ipsum tem vindo a ser o texto padrão usado por estas indústrias desde o ano de 1500","store_opening_time":"<strong>Opening Hours<\/strong>\nMon - Sat : 9am - 11pm<br>\nSunday: 11am - 5pm","logo":"","cnt_title":"","store_address":"<strong>ADDRESS :<\/strong> 55 Gallaxy Enque,\n2568 steet, 23568 NY","store_phone":"<strong>PHONE : <\/strong> (440) 000 000 0000","store_email":"<strong>EMAIL:<\/strong> sales@yousite.com","show_socials":true,"socials_ttl":"<b>STAY CONNECTED<\/b>","form_bg":"#f8f8f8","form_text":"#111111"}},"list-collections-template":{"type":"list-collections-template","blocks":{"1557118850960":{"type":"collection","settings":{"collection":"women-fashion","custom_image":"shopify:\/\/shop_images\/women.jpg","custom_name":"New Arrivals"}},"1557117919112":{"type":"collection","settings":{"collection":"accssories","custom_image":"shopify:\/\/shop_images\/collection-list-accssories.jpg","custom_name":""}},"1557117924677":{"type":"collection","settings":{"collection":"bag","custom_image":"","custom_name":""}},"1557117928594":{"type":"collection","settings":{"collection":"hot-collection","custom_image":"","custom_name":"Women Hot"}},"1557118640283":{"type":"collection","settings":{"collection":"hot-collection","custom_image":"","custom_name":"Mini Dress"}},"1557117940326":{"type":"collection","settings":{"collection":"men","custom_image":"","custom_name":"Men Collection"}},"1557117951245":{"type":"collection","settings":{"collection":"accssories","custom_image":"shopify:\/\/shop_images\/collection-list-sunglass.jpg","custom_name":"Sunglass"}},"1557118770131":{"type":"collection","settings":{"collection":"popular","custom_image":"","custom_name":"Hats"}},"1561435877556":{"type":"collection","settings":{"collection":"women-fashion","custom_image":"","custom_name":"Crop Tops"}},"1561435906483":{"type":"collection","settings":{"collection":"men","custom_image":"shopify:\/\/shop_images\/denim.jpg","custom_name":"Men Denim"}},"1561526758625":{"type":"collection","settings":{"collection":"men-shoes","custom_image":"","custom_name":""}},"1561526766201":{"type":"collection","settings":{"collection":"women","custom_image":"","custom_name":""}}},"block_order":["1557118850960","1557117919112","1557117924677","1557117928594","1557118640283","1557117940326","1557117951245","1557118770131","1561435877556","1561435906483","1561526758625","1561526766201"],"settings":{"section_width":false,"page_title":"<strong>COLLECTIONS<\/strong>","display_type":"selected","sort":"alphabetical","product_count":false,"collection_btn":"Shop Now","style":"style3","grid-spacing":16,"grid":4,"tablet-grid":3,"mobile-grid":1,"collection_ttl_hm":"#111111","collection_ttl_bg_hm":"#f5f5f5","collection_ttl_opt_hm":1}},"blog-template":{"type":"blog-template","settings":{"layout":"grid","sidebar_position":"left","text_align":"text-left","grid":3,"tablet-grid":2,"mobile-grid":1,"blog_show_author":true,"blog_show_date":true,"show_comment":true,"show_mini_des":true,"show_tags":true,"number_of_post_to_show":"4","show_category":true,"category_box_title":"Category","show_recent_posts":true,"recent_posts_title":"Recent Posts","show_banner_ad":true,"sidebar_banner":"","banner_link":"","show_products":true,"collection_title":"Trending Now","sidebar_collection":"","number_of_prodcut":"4"}},"article-template":{"type":"article-template","settings":{"sidebar_position":"nosidebar","blog_show_author":true,"blog_show_date":true,"show_share_buttons":true,"show_category":true,"category_box_title":"Category","show_recent_posts":true,"recent_posts_title":"Recent Posts","show_banner_ad":true,"sidebar_banner":"","banner_link":"","show_products":true,"collection_title":"Trending Now","sidebar_collection":"frontpage","number_of_prodcut":"4"}},"image-slideshow":{"type":"image-slideshow","blocks":{"1514539053861":{"type":"image","settings":{"image":"","mb_image":"","link":""}},"1514540186212":{"type":"image","settings":{"image":"","mb_image":"","link":""}},"1514540219114":{"type":"image","settings":{"image":"","mb_image":"","link":""}}},"block_order":["1514539053861","1514540186212","1514540219114"],"settings":{"section_width":true,"top-offeset":"default","autoplay":true,"autoplay_speed":"7000"}},"related-products":{"type":"related-products","settings":{"show_related_products":true,"related_products_autoplay":true,"related_title":"Customers Also Viewed","related_sub_title":"","grid":5,"tablet-grid":3,"mobile-grid":2,"related_total_product_to_show":"6"}},"password-content":{"type":"password-content","settings":{"logo":"shopify:\/\/shop_images\/logo.png","logo_max_width":"300","header":"We will launch soon","newsletter_enable":true,"newsletter_form_heading":"Be the first to know when we launch.","newsletter_placeholder":"Email address","newsletter_button_text":"Notify me","show_share_buttons":true,"show_powered_by":false,"social_message":"Stay in touch","password_bg":"","bg_color":"#111111","cnt_bg":"#ffffff","cnt_bg_opacity":"0.9","cnt_txt":"#000000"}},"navigation":{"type":"navigation","blocks":{"1545200462991":{"type":"megamenu1","settings":{"title":"Home","url":"#","mm_linklist":"demos","mmcolumns":2,"rightcall":"product","megamenu1_product":"","megamenu1_image":"","imageurl":"","megamenu2_image":"","Image2url":"#","megamenu3_image":"","Image3url":"#","megamenu4_image":"","Image4url":"","custom_size":true,"mm_size":"300","mm_align":"left"}},"1560070247268":{"type":"megamenu1","settings":{"title":"Shop","url":"#","mm_linklist":"shop-1","mmcolumns":4,"rightcall":"product","megamenu1_product":"","megamenu1_image":"","imageurl":"","megamenu2_image":"","Image2url":"","megamenu3_image":"","Image3url":"","megamenu4_image":"","Image4url":"","custom_size":false,"mm_size":"600","mm_align":"left"}},"1560145007901":{"type":"megamenu1","settings":{"title":"Features","url":"#","mm_linklist":"features","mmcolumns":5,"rightcall":"product","megamenu1_product":"","megamenu1_image":"","imageurl":"","megamenu2_image":"","Image2url":"","megamenu3_image":"","Image3url":"","megamenu4_image":"","Image4url":"","custom_size":false,"mm_size":"600","mm_align":"left"}},"1559988240897":{"type":"dropdown","settings":{"title":"Lookbook","url":"","mm_linklist":"lookbook"}},"1553256701490":{"type":"dropdown","settings":{"title":"Pages","url":"","mm_linklist":"pages"}},"1559992848977":{"type":"dropdown","settings":{"title":"Blog","url":"#","mm_linklist":"blog"}},"1560491164958":{"type":"single_link","settings":{"title":"Buy Now!","url":"https:\/\/1.envato.market\/KdyYx"}}},"block_order":["1545200462991","1560070247268","1560145007901","1559988240897","1553256701490","1559992848977","1560491164958"],"settings":{"menuarrow":false,"menuAlign":"center","nm_label1":"New","nm_label2":"Sale","nm_label3":"Hot","nm_label4":"Populer","nm_label5":"New"}},"recently-viewed":{"type":"recently-viewed","settings":{"show_recently_products":true,"recently_autoplay":true,"recently_title":"Recently Viewed Products","recently_sub_title":"","grid":4,"tablet-grid":3,"mobile-grid":2,"recently_pr_limit":"6"}},"custom-colors":{"type":"custom-colors","blocks":{"1551081207547":{"type":"Color","settings":{"title":"Red","color":"#f05454","image":""}},"1556110467060":{"type":"Color","settings":{"title":"Emerald","color":"#00646c","image":""}},"1556110714142":{"type":"Color","settings":{"title":"White Black","color":"","image":"shopify:\/\/shop_images\/White-Black_501ba5c3-86d5-4f37-99ea-a6671b3c4ea3.jpg"}},"1556111464421":{"type":"Color","settings":{"title":"Sage","color":"#8da29a","image":""}},"1556166945546":{"type":"Color","settings":{"title":"Olive Green","color":"#bab86c","image":""}},"1556184952859":{"type":"Color","settings":{"title":"Blue","color":"#77bff2","image":""}},"1556185124126":{"type":"Color","settings":{"title":"Green","color":"#37b767","image":""}},"1556188999672":{"type":"Color","settings":{"title":"Yellow","color":"#e3dd0b","image":""}},"1559895617659":{"type":"Color","settings":{"title":"Camel","color":"#df974d","image":""}},"1559896163041":{"type":"Color","settings":{"title":"Black\/Pink","color":"","image":"shopify:\/\/shop_images\/pink-black.jpg"}},"1559896228518":{"type":"Color","settings":{"title":"Black\/Grey","color":"","image":"shopify:\/\/shop_images\/grey-black.jpg"}},"1559896270918":{"type":"Color","settings":{"title":"Blue\/Red","color":"","image":"shopify:\/\/shop_images\/blue-red.jpg"}}},"block_order":["1551081207547","1556110467060","1556110714142","1556111464421","1556166945546","1556184952859","1556185124126","1556188999672","1559895617659","1559896163041","1559896228518","1559896270918"],"settings":{"custom_colors":true}},"top-info-panel":{"type":"top-info-panel","blocks":{"1551876223232":{"type":"text_block","settings":{"image":"","title":"<i class=\" ad ad-truck-l\"><\/i>  10% off outerwear Get em while they're hot","align_text":"center","url":"#"}},"1551876260106":{"type":"text_block","settings":{"image":"","title":"Free shipping On all orders over $100","align_text":"center","url":""}},"1551876638318":{"type":"text_block","settings":{"image":"","title":"Hassle-free returns 60-day postage paid returns","align_text":"center","url":""}}},"block_order":["1551876223232","1551876260106","1551876638318"],"settings":{"fullwidth":true,"topbarmobile":true,"info_bg":"#111111","text_clr":"#ffffff","grid":3,"info_font":12}},"1552390315466":{"type":"collection-list","blocks":{"1552390315466-0":{"type":"featured_collection","settings":{"collection":"women","collection_image":"shopify:\/\/shop_images\/colect-bnr1.jpg","collection_name":"<b>NEW ARRIVALS<\/b>","collection_btn":"Shop Now"}},"1552390315466-1":{"type":"featured_collection","settings":{"collection":"women","collection_image":"shopify:\/\/shop_images\/colect-bnr2.jpg","collection_name":"<b>BACK IN STOCK<\/b>","collection_btn":"VIEW COLLECTION"}},"1552390315466-2":{"type":"featured_collection","settings":{"collection":"women-fashion","collection_image":"shopify:\/\/shop_images\/colect-bnr3.jpg","collection_name":"<b>WEEKEND FASHION<\/b>","collection_btn":"Buy Now"}},"1552390315466-3":{"type":"featured_collection","settings":{"collection":"women","collection_image":"shopify:\/\/shop_images\/colect-bnr4.jpg","collection_name":"<b>SHOP DENIMS<\/b>","collection_btn":"Shop Bag"}}},"block_order":["1552390315466-0","1552390315466-1","1552390315466-2","1552390315466-3"],"settings":{"title":"","subtitle":"","top-offeset":"none","section_width":true,"pad-desk":55,"pad-ipad":15,"pad-mbl":10,"section_cov":false,"sec_bg_clr":"#fafafa","hide_mobile":false,"enable_carousel":true,"grid-spacing":12,"grid-spacing-mbl":5,"style":"style1","product_count":false,"show_buttons":true,"grid":3,"tablet-grid":2,"mobile-grid":2,"collection_ttl_hm":"#111111","collection_ttl_bg_hm":"#ffffff","collection_ttl_bg_hm_responsive":"rgba(0,0,0,0)","collection_ttl_opt_hm":0.8}},"about-template":{"type":"about-template","blocks":{"1553578254469":{"type":"style2","settings":{"aboutimg":"","title1":"<h4><b>WHY WE<\/b><\/h4>","title1des":"<p>Avon comes with easy-to-use interface and outstanding support. You can implement your own design. You can easily change the store's appearance as per your requirements using our ready sections and options available.You can implement your own design. You can easily change the store's appearance as per your requirements using our ready sections and options available.<\/p>","title2":"<h4><b>OUR VISION<\/b><\/h4>","title2des":"<p>Vestibulum ultricies aliquam convallis. Maecenas ut tellus mi. Proin tincidunt, lectus eu volutpat mattis, ante metus lacinia tellus, vitae condimentum nulla enim bibendum nibh. Praesent turpis risus, interdum nec venenatis id, pretium sit amet purus. Interdum et malesuada fames ac ante ipsum primis in faucibus.<\/p>","title3":"<h4><b>OUR MISSION<\/b><\/h4>","title3des":"<p>Excepteur sint occaecat cupidatat non proident, sunt in culpa qui officia deserunt mollit anim id est laborum. sunt in culpa qui officia deserunt mollit anim id est laborum. sunt in culpa qui officia deserunt mollit anim id est laborum.<\/p>","title4":"<h4><b>CONTACT US<\/b><\/h4>","title4des":"<p><strong>55 Gallaxy Enque,<\/strong><br>2568 steet, 23568 NY<\/p>\n<p><strong>Phone<\/strong> : (440) 000 000 0000 <br><strong>Email<\/strong>: sales@yousite.com<\/p>","title5":"<h4><b>OUR \nTEAM<\/b><\/h4>","team1pic":"","team1bio":"<p><strong>STIVE SMITH<\/strong><\/p>\n<p>FOUNDER & CEO<\/p>","socialurl1":"<a href=\"#\"><i class=\"ad ad-facebook-f\"><\/i><\/a>\n<a href=\"#\"><i class=\"ad ad-pinterest-p\"><\/i><\/a>\n<a href=\"#\"><i class=\"ad  ad-twitter \"><\/i><\/a>","team2pic":"","team2bio":"<p><strong>STIVE SMITH<\/strong><\/p>\n<p>CREATIVE DIRECTOR<\/p>","socialurl2":"<a href=\"#\"><i class=\"ad ad-facebook-f\"><\/i><\/a>\n<a href=\"#\"><i class=\"ad ad-pinterest-p\"><\/i><\/a>\n<a href=\"#\"><i class=\"ad  ad-twitter \"><\/i><\/a>","team3pic":"","team3bio":"<p><strong>STIVE SMITH<\/strong><\/p>\n<p>SALES DIRECTOR<\/p>","socialurl3":"<a href=\"#\"><i class=\"ad ad-facebook-f\"><\/i><\/a>\n<a href=\"#\"><i class=\"ad ad-pinterest-p\"><\/i><\/a>\n<a href=\"#\"><i class=\"ad  ad-twitter \"><\/i><\/a>"}},"1553589884401":{"type":"image_with_text","settings":{"image":"","layout":"left","title":"<h4><b>Our Mission<\/b><\/h4>","text":"<p>Duis aute irure dolor in reprehenderit in voluptate velit esse cillum dolore eu fugiat nulla pariatur. Excepteur sint occaecat cupidatat non proident, sunt in culpa qui officia deserunt mollit anim id est laborum.<\/p>","button_label":"","button_link":""}},"1553589941147":{"type":"image_with_text","settings":{"image":"","layout":"right","title":"<h4><b>Our Vision<\/b><\/h4>","text":"<p>Duis aute irure dolor in reprehenderit in voluptate velit esse cillum dolore eu fugiat nulla pariatur. Excepteur sint occaecat cupidatat non proident, sunt in culpa qui officia deserunt mollit anim id est laborum.<\/p>","button_label":"","button_link":""}},"1553590025679":{"type":"image_with_text","settings":{"image":"","layout":"left","title":"<h4><b>The Founder<\/b><\/h4>","text":"<p>Duis aute irure dolor in reprehenderit in voluptate velit esse cillum dolore eu fugiat nulla pariatur. Excepteur sint occaecat cupidatat non proident, sunt in culpa qui officia deserunt mollit anim id est laborum.<\/p>","button_label":"Read More","button_link":"#"}}},"block_order":["1553578254469","1553589884401","1553589941147","1553590025679"],"settings":{"top-text":"<p>Quis nostrud exercitation ullamco laboris nisi ut aliquip ex ea commodo consequat. Duis aute irure dolor in reprehenderit in voluptate velit esse cillum dolore eu fugiat nulla pariatur. Excepteur sint occaecat cupidatat non proident, sunt in culpa qui officia deserunt mollit anim id est laborum.<\/p>","pagestyle":"style1"}},"faq-template":{"type":"faq-template","blocks":{"1553603314287":{"type":"faqsection","settings":{"sectiontitle":"Shopping"}},"1553602500682":{"type":"faqs","settings":{"question":"What Shipping Methods Are Available?","answer":"Nullam sed neque luctus, maximus diam sed, facilisis orci. Nunc ultricies neque a aliquam sollicitudin. Vivamus sit amet finibus sapien. Duis est dui, sodales nec pretium a, interdum in lacus. Sed et est vel velit vestibulum tincidunt non a felis. Phasellus convallis, diam eu facilisis tincidunt, ex nibh vulputate dolor, eu maximus massa libero vel eros."}},"1553602843258":{"type":"faqs","settings":{"question":"How do I place an Order?","answer":"Duis nec nisi id ligula dapibus maximus nec eu dui. Proin ornare, ipsum vitae tincidunt rutrum, diam neque accumsan turpis, a dignissim nisi libero non lacus. Nulla quis massa nulla. Morbi metus lacus, sagittis sed est vel, aliquet ultrices nibh. Morbi auctor ex eget egestas auctor.   Duis nec nisi id ligula dapibus maximus nec eu dui. Proin ornare, ipsum vitae tincidunt rutrum, diam neque accumsan turpis, a dignissim nisi libero non lacus. Nulla quis massa nulla. Morbi metus lacus, sagittis sed est vel, aliquet ultrices nibh. Morbi auctor ex eget egestas auctor."}},"1553603329876":{"type":"faqsection","settings":{"sectiontitle":"Payment"}},"1553602722941":{"type":"faqs","settings":{"question":"What Payment Methods Are Accepted?","answer":"Nullam sed neque luctus, maximus diam sed, facilisis orci. Nunc ultricies neque a aliquam sollicitudin. Vivamus sit amet finibus sapien. Duis est dui, sodales nec pretium a, interdum in lacus. Sed et est vel velit vestibulum tincidunt non a felis. Phasellus convallis, diam eu facilisis tincidunt"}},"1553602889369":{"type":"faqs","settings":{"question":"Do You Ship Internationally?","answer":"It is a long established fact that a reader will be distracted by the readable content of a page when looking at its layout.It is a long established fact that a reader will be distracted by the readable content of a page when looking at its layout."}},"1553602923016":{"type":"faqs","settings":{"question":"What Payment Methods Are Accepted?","answer":"Nullam sed neque luctus, maximus diam sed, facilisis orci. Nunc ultricies neque a aliquam sollicitudin. Vivamus sit amet finibus sapien. Duis est dui, sodales nec pretium a, interdum in lacus. Sed et est vel velit vestibulum tincidunt non a felis. Phasellus convallis, diam eu facilisis tincidunt, ex nibh vulputate dolor, eu maximus massa libero vel eros. In vulputate metus lacus, eu vehicula dolor feugiat id. Nulla vitae nisl in ex consequat porttitor vel a lectus. Vestibulum viverra in velit ac consequat. Nullam porta nulla eu dignissim cursus."}},"1553603400182":{"type":"faqsection","settings":{"sectiontitle":"Returns"}},"1553603365355":{"type":"faqs","settings":{"question":"Is Buying On-Line Safe?","answer":"Nullam sed neque luctus, maximus diam sed, facilisis orci. Nunc ultricies neque a aliquam sollicitudin. Vivamus sit amet finibus sapien. Duis est dui, sodales nec pretium a, interdum in lacus. Sed et est vel velit vestibulum tincidunt non a felis. Phasellus convallis, diam eu facilisis tincidunt, ex nibh vulputate dolor, eu maximus massa libero vel eros. In vulputate metus lacus, eu vehicula dolor feugiat id. Nulla vitae nisl in ex consequat porttitor vel a lectus."}},"1553603427067":{"type":"faqs","settings":{"question":"Do I have to pay anything to return my items?","answer":"Nullam sed neque luctus, maximus diam sed, facilisis orci. Nunc ultricies neque a aliquam sollicitudin. Vivamus sit amet finibus sapien. Duis est dui, sodales nec pretium a, interdum in lacus."}},"1553603439453":{"type":"faqs","settings":{"question":"How do I return an item?","answer":"In vulputate metus lacus, eu vehicula dolor feugiat id. Nulla vitae nisl in ex consequat porttitor vel a lectus. Vestibulum viverra in velit ac consequat. Nullam porta nulla eu dignissim cursus."}}},"block_order":["1553603314287","1553602500682","1553602843258","1553603329876","1553602722941","1553602889369","1553602923016","1553603400182","1553603365355","1553603427067","1553603439453"],"settings":{"pagestyle":"style1","sec-title-bg":"#333333","sec-title":"#eeeeee"}},"lookbook":{"type":"lookbook","blocks":{"1556020238652":{"type":"lookbook1","settings":{"image":"shopify:\/\/shop_images\/1_dbda98bd-576d-4147-8929-98a1d295c4db.jpg","url":"shopify:\/\/collections\/accesories","title":"<b>WOMEN COLLECTION<\/b>","title2":"A girl should be two things: classy and fabulous","width":"25%","product1":"innerbloom-puffer-jacket","p1_top":10,"p1_left":25,"dis-pstn1":"left","product2":"black-flower-vase","p2_top":65,"p2_left":64,"dis-pstn2":"left","product3":"","p3_top":1,"p3_left":1,"dis-pstn3":"left","product4":"","p4_top":1,"p4_left":1,"dis-pstn4":"left"}},"1559973313518":{"type":"lookbook1","settings":{"image":"shopify:\/\/shop_images\/12_9b24afa0-807a-4f16-b705-93089b386ddf.jpg","url":"","title":"","title2":"<b>WHITE HEAT <\/b>","width":"25%","product1":"","p1_top":1,"p1_left":1,"dis-pstn1":"left","product2":"","p2_top":1,"p2_left":1,"dis-pstn2":"left","product3":"","p3_top":1,"p3_left":1,"dis-pstn3":"left","product4":"","p4_top":1,"p4_left":1,"dis-pstn4":"left"}},"1556020206822":{"type":"lookbook1","settings":{"image":"shopify:\/\/shop_images\/2_e1cbf9e9-4921-43e2-b3b5-d88e8cafe354.jpg","url":"shopify:\/\/collections\/accesories","title":"<b>FASHION IT<\/b>","title2":"Girls You May Not Know About but Should","width":"25%","product1":"","p1_top":1,"p1_left":1,"dis-pstn1":"left","product2":"","p2_top":1,"p2_left":1,"dis-pstn2":"left","product3":"","p3_top":1,"p3_left":1,"dis-pstn3":"left","product4":"","p4_top":1,"p4_left":1,"dis-pstn4":"left"}},"1556080853264":{"type":"lookbook1","settings":{"image":"shopify:\/\/shop_images\/4_4a96e254-b439-4ab2-92e8-0207612a2c17.jpg","url":"","title":"WOMEN WHO WEAR BLACK HAVE COLORFUL LIVES","title2":"","width":"25%","product1":"","p1_top":1,"p1_left":1,"dis-pstn1":"left","product2":"","p2_top":1,"p2_left":1,"dis-pstn2":"left","product3":"","p3_top":1,"p3_left":1,"dis-pstn3":"left","product4":"","p4_top":1,"p4_left":1,"dis-pstn4":"left"}},"1559981974663":{"type":"lookbook1","settings":{"image":"shopify:\/\/shop_images\/10.jpg","url":"","title":"","title2":"","width":"25%","product1":"","p1_top":1,"p1_left":1,"dis-pstn1":"left","product2":"","p2_top":1,"p2_left":1,"dis-pstn2":"left","product3":"","p3_top":1,"p3_left":1,"dis-pstn3":"left","product4":"","p4_top":1,"p4_left":1,"dis-pstn4":"left"}},"1556020391737":{"type":"lookbook1","settings":{"image":"shopify:\/\/shop_images\/3_ea402b5a-bb79-43e6-8349-3eb831e519f7.jpg","url":"","title":"","title2":"What you wear is how you present yourself to the world","width":"25%","product1":"","p1_top":1,"p1_left":1,"dis-pstn1":"left","product2":"","p2_top":1,"p2_left":1,"dis-pstn2":"left","product3":"","p3_top":1,"p3_left":1,"dis-pstn3":"left","product4":"","p4_top":1,"p4_left":1,"dis-pstn4":"left"}},"1559815614407":{"type":"lookbook1","settings":{"image":"shopify:\/\/shop_images\/5_3600fc4a-acb5-4946-ae8c-d986623413dd.jpg","url":"","title":"SUPPERS TOPS","title2":"Jacket Retired","width":"25%","product1":"","p1_top":1,"p1_left":1,"dis-pstn1":"left","product2":"","p2_top":1,"p2_left":1,"dis-pstn2":"left","product3":"","p3_top":1,"p3_left":1,"dis-pstn3":"left","product4":"","p4_top":1,"p4_left":1,"dis-pstn4":"left"}},"1559980055256":{"type":"lookbook1","settings":{"image":"shopify:\/\/shop_images\/9.jpg","url":"","title":"","title2":"<b>SHOP SHORTS<\/b>","width":"25%","product1":"","p1_top":1,"p1_left":1,"dis-pstn1":"left","product2":"","p2_top":1,"p2_left":1,"dis-pstn2":"left","product3":"","p3_top":1,"p3_left":1,"dis-pstn3":"left","product4":"","p4_top":1,"p4_left":1,"dis-pstn4":"left"}},"1559814826450":{"type":"lookbook1","settings":{"image":"shopify:\/\/shop_images\/14_7a9f6610-bfdb-44f0-ab8b-20c5a3bf0382.jpg","url":"","title":"Fast fashion","title2":"Clothing is designed to fall apart","width":"25%","product1":"","p1_top":1,"p1_left":1,"dis-pstn1":"left","product2":"","p2_top":1,"p2_left":1,"dis-pstn2":"left","product3":"","p3_top":1,"p3_left":1,"dis-pstn3":"left","product4":"","p4_top":1,"p4_left":1,"dis-pstn4":"left"}},"1559974370545":{"type":"lookbook1","settings":{"image":"shopify:\/\/shop_images\/7.jpg","url":"","title":"","title2":"","width":"25%","product1":"","p1_top":1,"p1_left":1,"dis-pstn1":"left","product2":"","p2_top":1,"p2_left":1,"dis-pstn2":"left","product3":"","p3_top":1,"p3_left":1,"dis-pstn3":"left","product4":"","p4_top":1,"p4_left":1,"dis-pstn4":"left"}},"1559974380773":{"type":"lookbook1","settings":{"image":"shopify:\/\/shop_images\/13.jpg","url":"","title":"","title2":"","width":"25%","product1":"","p1_top":1,"p1_left":1,"dis-pstn1":"left","product2":"","p2_top":1,"p2_left":1,"dis-pstn2":"left","product3":"","p3_top":1,"p3_left":1,"dis-pstn3":"left","product4":"","p4_top":1,"p4_left":1,"dis-pstn4":"left"}}},"block_order":["1556020238652","1559973313518","1556020206822","1556080853264","1559981974663","1556020391737","1559815614407","1559980055256","1559814826450","1559974370545","1559974380773"],"settings":{"fullwidth":false,"lb-style":"gallery","grid-spacing":10,"grid-spacing-mbl":5,"grid-spacing-col":4,"cap_bg":"#000000","cap_text":"#ffffff","zoom_bg":"#ffffff","zoom_text":"#111111"}},"ab671ea70d76":{"type":"logo-bar","blocks":{"1558089663c040d6df-0":{"type":"logo_image","settings":{"image":"shopify:\/\/shop_images\/1_6bea7f1e-dc0a-446d-9714-c15ac0eaab06.png","link":"http:\/\/adornthemes.com\/belle\/"}},"1558089663c040d6df-1":{"type":"logo_image","settings":{"image":"shopify:\/\/shop_images\/2.png","link":"https:\/\/www.adornthemes.com\/diva"}},"1558089663c040d6df-2":{"type":"logo_image","settings":{"image":"shopify:\/\/shop_images\/3.png","link":"https:\/\/www.adornthemes.com\/famiza\/"}},"1558089663c040d6df-3":{"type":"logo_image","settings":{"image":"shopify:\/\/shop_images\/4.png","link":""}},"1558089663c040d6df-5":{"type":"logo_image","settings":{"image":"shopify:\/\/shop_images\/6.png","link":""}},"1558089663c040d6df-4":{"type":"logo_image","settings":{"image":"shopify:\/\/shop_images\/5_0c0397a5-2ba0-4637-a9f6-86e68b3d6289.png","link":""}}},"block_order":["1558089663c040d6df-0","1558089663c040d6df-1","1558089663c040d6df-2","1558089663c040d6df-3","1558089663c040d6df-5","1558089663c040d6df-4"],"settings":{"top-offeset":"default","title":"","subtitle":"","grid":6,"tablet-grid":5,"mobile-grid":3}},"1559279582007":{"type":"product-slider","settings":{"title":"NEW ARRIVALS","subtitle":"","collection":"women","secondary_image":true,"show_vendor":false,"show_product_review":true,"prlist_btn_show":false,"btn_mobiles":false,"show_color_swatch":true,"color_type":"vrimage","vr_bg_position":"50% 0","color_size":"medium","color_style":"rounded","top-offeset":"default","section_cov":false,"sec_bg_clr":"#fafafa","prbox_style":"style1","grid":4,"tablet-grid":3,"mobile-grid":2,"rows":"5","autoplay":false,"autoplay_speed":5}},"1559650717830":{"type":"info-lines","settings":{"fullwidth":true,"top-offeset":"default","infolines":"<a href=\"#\">END OF SEASON SALE LIVE NOW | FLAT 50% OFF   |  WOMEN TOPS 50% OFF  |  MEN JEANS 30% OFF<\/a>","text-size":16,"sec_bg_clr":"#111111","text_clr":"#ffffff","text-padding":20}},"1560415548901":{"type":"collection-banner","blocks":{"1560415548901-0":{"type":"featured_collection","settings":{"collection":"women","collection_image":"shopify:\/\/shop_images\/trend-alert.jpg","collection_name":"TREND ALERT","collection_name2":"Vacation Must Have","textalign":"center","collection_btn":"","width":"50%"}},"1560415548901-1":{"type":"featured_collection","settings":{"collection":"women-fashion","collection_image":"shopify:\/\/shop_images\/hot-occasion.jpg","collection_name":"HOT OCCASION","collection_name2":"Weekend Fashion","textalign":"center","collection_btn":"","width":"50%"}},"1560415570528":{"type":"featured_collection","settings":{"collection":"women","collection_image":"shopify:\/\/shop_images\/best-shopify-theme.jpg","collection_name":"MEET THE BEST SHOPIFY THEME AVONE","collection_name2":"Enjoy the flexibility of theme and powerful features","textalign":"left","collection_btn":"Discover Now","width":"100%"}}},"block_order":["1560415548901-0","1560415548901-1","1560415570528"],"settings":{"title":"SHOP THE EDITS","subtitle":"From daytime chic to statement looks, we have your occasion covered","top-offeset":"default","section_width":false,"hide_mobile":true,"pad-desk":55,"pad-ipad":15,"pad-mbl":10,"grid-spacing":15,"grid-spacing-mbl":5,"grid-spacing-col":2,"box-width":40,"box_bg":"#ffffff","box_txt":"#111111","show_buttons":true}},"1561542668548":{"type":"quotes","blocks":{"1561542668548-0":{"type":"quote","settings":{"quote":"<p>This theme is amazing, I bought it few months and I am getting ready to launch my website with this new theme. While designing the website it was very easy to edit the theme which is very important for me, but I did have to contact the customer support few times and hire them to do some custom base. Every time they answered my emails right away and the service that was needed was provided in timely manner. I am extremely satisfied and very happy that I chose their theme.<\/p>","author":"HAPPY CUSTOMER"}},"1561542668548-1":{"type":"quote","settings":{"quote":"<p>This is the one and only theme you need for you shopify store. The features are well thought out and complete with means you do not need to add on many apps that would otherwise cost you a monthly subscription fee. Plus the support is in setting up the theme and doing customisation on the website. Highly recommendation.<\/p>","author":"Themeforest buyer"}},"1561542668548-2":{"type":"quote","settings":{"quote":"<p>I'm excited with the quality of the ADORN THEME people's work. <br>Perfect service ,very fast!!!!! <br>Continue this amazing work <br> and you will definitely be at the top !!!!<\/p>","author":"Themeforest buyer"}}},"block_order":["1561542668548-0","1561542668548-1","1561542668548-2"],"settings":{"section_width":false,"top-offeset":"small","title":"TESTIMONIAL","autoplay":false,"autoplay_speed":5,"arrow":true,"dots":false,"testimonials_bg":"#f5f5f5","testimonials_bg_img":"","testimonials_text":"#444"}}},"content_for_index":["1552390315466","1560415548901","1559279582007","1561542668548","ab671ea70d76","1559650717830"]},"presets":{"Default":{"color_text":"#3d4246","color_body_text":"#788188","color_sale_text":"#7796A8","color_borders":"#e8e9eb","color_button":"#7796A8","color_button_text":"#fff","color_small_button":"#fff","color_small_button_text":"#3d4246","color_text_field":"#fff","color_text_field_text":"#000","color_image_overlay_text":"#fff","color_image_overlay":"#3d4246","image_overlay_opacity":"0.25","color_body_bg":"#fff","type_header_family":"Google_Work+Sans_600_sans","type_header_base_size":"26px","type_base_family":"Google_Work+Sans_400_sans","type_base_size":"16px","type_bold_product_titles":false,"share_facebook":true,"share_twitter":true,"share_pinterest":true,"sections":{"hero":{"type":"hero","settings":{}},"slideshow":{"type":"slideshow","blocks":{"slideshow-0":{"type":"image","settings":{}},"slideshow-1":{"type":"image","settings":{}}},"block_order":["slideshow-0","slideshow-1"],"settings":{}},"feature-row":{"type":"feature-row","settings":{}},"footer":{"type":"footer","settings":{}}},"content_for_index":["hero","feature-row","slideshow"]}}}