{"current":{"layout_style":"normal","box_width":"1200","color_body_bg":"#ffffff","pagebox_bg":"#ffffff","bodybg_img":"","color_body_text":"#333333","bodybg_repeat":"repeat-x","bodybg_position":"center_center","bodybg_size":"cover","bodybg_attach":"fixed","body_overlay":0,"top-information-bar":false,"show_sticky_arrow":true,"ajax_cart":true,"enable_wishlist":true,"enable_site_animation":true,"site_animation_mobile":true,"rtl":false,"favicon":"","favicon_retina":"","hm_keywords":"","hm_author":"","breadcrumb_cl":true,"breadcrumb_pr":true,"breadcrumb_pg":true,"br_bg":"#f9f9f9","bf_text":"#111111","free_ship":"99","free_ship_msg":"<b>FREE Shipping<\/b> on order over $","got_free_ship":"<b>Congratulations! <\/b>You have got <b>FREE Shipping<\/b>","free_ship_minicart":true,"show_free_ship":true,"free_ship_cartpage":true,"show_estimate_ship":true,"estimate_ship":"4\/10","estimate_shipping_msg":"Estimated delivery between [startdate] and [enddate].","terms_checkbox":true,"terms_text":"I agree with the terms and conditions","enable_age_varification":false,"enable_birthdate":true,"agevari_popup_bg":"","agevari_popup_bg_clr":"#111111","body_font":"poppins_n4","type_base_size":12,"header_font":"montserrat_n4","heading_weight":"700","type_header_base_size_lh":1,"type_header_base_size":26,"type_header_base_size_2":22,"type_header_base_size_3":15,"type_header_base_size_4":14,"type_header_base_size_5":14,"type_header_base_size_6":14,"type_header_letter_space":2,"color_text":"#111111","color_text_field_text":"#111111","color_text_field":"#ffffff","field_bd":"#dddddd","btn_style":"flat","color_button_text":"#ffffff","color_button":"#000000","btn1_bd":"#000000","color_button_text_hov":"#111111","color_button_hov":"#ffffff","btn1_bd_hover":"#111111","color_small_button_text":"#ffffff","color_small_button":"#e55151","btn2_bd":"#e34848","color_small_button_text_hov":"#ffffff","color_small_button_hov":"#111111","btn2_bd_hove":"#111111","link_btn_txt":"#139ddd","link_btn_txt_hv":"#000","navigation_font_size":11,"navigation_font_weight":"normal","navigation_txt_case":"uppercase","navbarbdr":"#eee","navbar":"#000000","navbar_link":"#111111","navbar_link_hv":"#f06543","nav_link_lbl":"#ffffff","nav_link_lbl1":"#ff0000","nav_link_lbl2":"#1cb5b5","nav_link_lbl3":"#7fbf10","nav_link_lbl4":"#d0a306","nav_link_lbl5":"#af4de2","nav_mm_bg":"#ffffff","nav_mm_title":"#000000","nav_mm_title_case":"uppercase","nav_mm_link":"#444444","nav_mm_link_hv":"#e55151","nav_dd_link":"#444444","nav_dd_link_bg":"#ffffff","nav_dd_link_hv":"#e55151","nav_dd_link_bghv":"#ffffff","nav_dd_divider":"#eeeeee","mobile_nav_bg":"#ffffff","navigation_text":"#333333","border":"#eeeeee","subnav_color_shade":"darken","slideshow_text_1":16,"slideshow_text_2":26,"slideshow_text_2_lh":1.2,"slideshow_text_3":16,"slideshow_text_3_lh":1.3,"color_slideshow_image_overlay":"rgba(0,0,0,0)","image_slideshow_overlay_opacity":0,"display_overlay":false,"display_overlay_mb":false,"slide_overlay_clr":"#ffffff","slide_caption_opacity":0,"sec_spacing":50,"sec_spacing_small":20,"title_align":"text-center","section_heading_1_size":16,"section_heading_1_lh":1.4,"section_heading_2_size":12,"headings_clr":"#111111","tab_font_size":12,"pr_tab_txt":"#2d2c2c","pr_tab_txt_ac":"#ffffff","pr_tab_brd":"rgba(0,0,0,0)","pr_tab_brd_ac":"rgba(0,0,0,0)","pr_tab_bg":"rgba(0,0,0,0)","pr_tab_ac_bg":"#e55151","mob_text_clr":"#ffffff","mob_bg_clr":"#111111","mob_text_clr_active":"#111111","mob_bg_clr_active":"#f5f5f5","text_size_colle_list":16,"text_size_colle_list_mbl":14,"box-text":16,"box-text_mbl":14,"text_size_heading":18,"text_size_content":14,"pbanner-title":19,"pbanner-des":13,"hero_text_size_heading":22,"hero_text_size_content":14,"color_image_overlay_text":"#000000","text_bg":"#ffffff","text_bg_opacity":0.7,"cl_bnr_title":20,"cl_bnr_des":13,"sidebar_ttls":"#111111","sidebar_links":"#000000","sidebar_links_hv":"#8dc337","footer_top_bdr":"rgba(0,0,0,0)","footer_top_bg":"#000000","footer_title":"#ffffff","top_footer_text":"#b8b8b8","icon_colors":"#ffffff","footer_bottom_bg":"#000000","footer_bottom_text":"#999999","footer_border":"#1e1e1e","newsletter_input":"#ffffff","newsletter_input_txt":"#000000","newsletter_btn_txt":"#ffffff","newsletter_btn":"#333333","ttl-font":18,"font-style":"400","cart-header":"#f5f5f5","cart-summery":"#f5f5f5","scroll_icon_colors":"#ffad00","text_link":"#111111","text_link_hv":"#f04343","header_bg_clr":"#f9f9f9","color_borders":"#eeeeee","tooltip_bg":"#000000","tooltip_text":"#ffffff","topbar":false,"topbar_fullwidth":true,"leftTxt":"<a href=\"tel:4400111044%20833\"><i class=\"ad ad-phone-l\"><\/i> +440 0(111) 044 833<\/a>\n<a href=\"mailto:sales@yourstorename.com\"><i class=\"ad ad-envelope-l\"><\/i> sales@yourstorename.com<\/a>","leftTxt-mobile":true,"centerTxt":"<i class=\"ad ad-telegram-plane\"><\/i> FREE SHIPPING on order above $99","centerTxt-mobile":false,"rightTxt":"Follow Us: [social-icons]","rightTxt-mobile":true,"top_bar_text":"#f5f5f5","top_header_clr":"#000000","main_header_fullwidth":true,"logosvg":"","logo":"shopify:\/\/shop_images\/logo.png","align_logo":"center","logo_width":"110","logo_height":"25","header_height":"80","mobile_header_height":"50","logo_width_mbl":"90","nav_below_logo":false,"hdTxt-block":"Welcome to our store. Signup now and get 20% off.","show_sticky_header":false,"sticky_logo_width":"100","sticky_logo_height":"30","sticky_header_height":"50","main_header_bg":"#ffffff","header_bd":"#fff","header_ico":"#030505","icon_size":18,"icon_style":"trolly","cart_count_clr":"#ffffff","cart_count_text":"#111111","home_classic":true,"logo_cl":"shopify:\/\/shop_images\/logo-white.png","icon_text_clr":"#ffffff","drawer_bg":"#ffffff","drawer_txt":"#050000","drawer_bdr":"#eeeeee","secondary_image":true,"show_vendor":false,"show_product_review":true,"show_product_review_cnt":false,"display_countdown":true,"enable_quickshop":true,"prlist_btn_show":true,"btn_mobiles":false,"show_color_swatch":true,"color_type":"vrimage","vr_bg_position":"50% 0","color_size":"large","color_style":"rounded_rectangle","prbox_style":"style1","pr_lbl":true,"select_label_style":"rectangular","lbl_txt":"#ffffff","sale_lbl":true,"sale_label_style":"salelabel","lbl_sale_cl":"#ff708e","lbl_sold":"#000000","pr_label1":"new","pr_label1_cl":"#000000","pr_label2":"hot","pr_label2_cl":"#e9a400","pr_label3":"","pr_label3_cl":"#81d53d","Prod_name_font_size_S":12,"prod_title_transform_s":"none","prod_font_weight_s":"normal","prbox_bdr":"rgba(0,0,0,0)","color_product_title":"#111111","color_price_text":"#222222","color_sale_text":"#000000","prbox_vendor":"#777777","acti_swatch_bdr_clr":"#e55151","grid_btn_style":"round_crn","prbox_btnbg":"#131313","prbox_btn_ico":"#ffffff","grid_countdown_text":"#111111","grid_countdown_text_bg":"#ffffff","grid_countdown_border":"#ffffff","Products_countdown_text_bg_opacity":"0.75","product_fullwidth":false,"product_latyout":"style4","sticky_cart":false,"enable_zoom":true,"enable_lightbox":true,"thumbnail_pos":"left","show_saleoff":true,"spr_vendor":true,"spr_review":true,"spr_availability":true,"spr_sku":true,"show_product_type_single":true,"show_short_desc_single":true,"askaboutproduct":false,"shippingpopup":false,"shippingpage":"button-styles","sizechart_link":true,"sizechart_type":"brand","sizechart_page":"button-styles","enable_payment_button":true,"show_collection":true,"show_tags":false,"show_share_buttons_single":true,"sharing_lbl":"Share :","enable_360":true,"max_width_popup":400,"max_hegiht_popup":500,"spr_navigation":true,"spr_navigation_mb":true,"countdown":true,"countdown_lbl":"Hurry up! Sales End In:","countdown_text":"#050000","countdown_text_bg":"#f8f8f8","countdown_border":"#dddddd","show_swatch":true,"sw_color_type":"vrimage","v_bg_position":"50% 0","sw_color_size":"medium","sw_color_style":"rounded_rectangle","var_style":false,"quantity_msg":true,"max_quantity":18,"product_qunt_text_clr":"#ffffff","product_qunt_bg":"#ff656c","fake_orders":true,"orders":20,"orders_time":24,"orders_msg":"[orders] sold in last [hours] hours","fake_visitors":true,"visitors":50,"visitors_time":5,"visitors_msg":"[visitors] People looking for this product right now","trust_seal_img":"","store_ft1":"","store_ft2":"","store_ft3":"","feature_txt":"#111","Prod_name_font_size":24,"prod_title_transform":"none","prod_font_weight":"600","Prod_price_font_size":24,"prod_price_font_weight":"600","checkout_btn_bg":"#e95144","checkout_btn_text":"#ffffff","tab_align":"center","pr_tabs_bg":"#eee","pr_tabs_txt":"#000","pr_tabs_bg_act":"#000","pr_tabs_txt_act":"#eee","dis_border":false,"pr_tabs_bdr":"#ddd","pr_tabs_bdr_act":"#000","cart_bg":"#000000","cart_text":"#f5f5f5","cart_qty_bdr":"#535353","cart_btn":"#e34848","cart_btn_text":"#ffffff","show_multiple_currencies":true,"auto_currencies":true,"currency_title":"SELECT CURRENCY","currency_format":"money_format","supported_currencies":"INR GBP CAD USD AUD EUR JPY","default_currency":"USD","show_language":true,"language_title":"SELECT LANGUAGE","default_language":"English","languages":"language","crn_lan_btn":"#000000","crn_lan_btn_act":"#f04343","show_notification":true,"hide_notification_mb":true,"notify_collection":"women","notify_msg":"Someone liked and Bought","fake_time":true,"time_msg":"Minutes Ago","location_msg":"From","notify_location":"Singapore | New York | Dubai | Paris | London | Amsterdam | Sydney","notify_delay":"10000","notify_display":"7000","pnp_boxbg":"#ffffff","pnp_boxbg_txt":"#000000","quick_view":true,"spr_review_quick":true,"show_product_availability":true,"show_product_sku":false,"show_product_type":false,"show_product_vendor":true,"show_short_desc":true,"show_variant_swatches":true,"show_share_buttons":true,"show_view_full_info":true,"announcement":false,"announcement_mb":true,"announcement_txt":"UP TO 80% OFF ON THE ENTIRE STORE! hurry up!","announcement_link":"shopify:\/\/products\/360-rotating-makeup-organizer","annouance_bg":"#eaed14","annouance_txt":"#111111","annouance_fs":11,"mailChimp_url":"","newsletter_code":"","newsletter_popup":true,"newsletter_popup_time":"0","newsltr-style":"style3","newsletter_img":"","newsletter_popup_title":"Join Our Mailing List","ttl1":17,"newsletter_popup_subtitle":"Stay Informed! Monthly Tips, Tracks and Discount.","ttl2":13,"newsletter_popup_bg":"#fafafa","newsletter_popup_text":"#111","btn_clr":"#111111","btn_txt":"#ffffff","show_social_icons":true,"newsletter_social_icn":"#111111","newsltr_close":"#111111","show_gnote":false,"show_closetrext":true,"share_image":"shopify:\/\/shop_images\/01_preview.png","share_facebook":true,"share_twitter":true,"share_pinterest":true,"share_email":true,"social_twitter_link":"https:\/\/twitter.com\/adornthemes","social_facebook_link":"https:\/\/www.facebook.com\/adornthemes\/","social_pinterest_link":"https:\/\/in.pinterest.com\/adornthemes\/","social_instagram_link":"https:\/\/www.instagram.com\/adornthemes\/","social_tumblr_link":"","social_youtube_link":"","social_vimeo_link":"","checkout_header_image":"","checkout_logo_image":"","checkout_logo_position":"left","checkout_logo_size":"medium","checkout_body_background_image":"","checkout_body_background_color":"#ffffff","checkout_input_background_color_mode":"white","checkout_sidebar_background_image":"","checkout_sidebar_background_color":"#fafafa","checkout_heading_font":"Roboto","checkout_body_font":"Lato","checkout_accent_color":"#1990c6","checkout_button_color":"#16395b","checkout_error_color":"#ff6d6d","feature_txt_bg":"#eee","newsletter_popup_title_color":"#000000","text-size":19,"product_detail_tab_button":"#f7f7f7","product_detail_tab_button_br":"#dddddd","product_detail_tab_button_text":"#0a0808","product_detail_tab_button_active":"rgba(0,0,0,0)","product_detail_tab_button_br_active":"#e5e5e5","product_detail_tab_button_active_text":"#111111","collection_ttl":"#111111","collection_ttl_bg":"#ffffff","collection_ttl_opt":0.9,"bnr_ttl":"#000000","bnr_ttl_bg":"#ffffff","collection_ttl_hm":"#ee4848","collection_ttl_bg_hm":"#111111","collection_ttl_opt_hm":"0.9","testimonials_bg":"#f5f5f5","testimonials_bg_img":"shopify:\/\/shop_images\/banner.jpg","testimonials_text":"#444444","pr_star_color":"#f7b427","box_shadow":"false","v_f_bg_position":"50% 0","share_google":true,"prbox_btn_icon":"#ffffff","mailChimp_newsletter":"","footer_bg":"#111111","footer_text":"#ffffff","show_product_navigation":true,"enable_ctcl":true,"fullwidth":true,"show_product_review_single":true,"show_product_availability_single":true,"show_product_vendor_single":true,"show_product_sku_single":true,"product_qunt_border_clr":"#eee","social_google_link":"https:\/\/plus.google.com\/102080012552359475231","section_heading_size":21,"section_heading_weight":"normal","section_heading_2_weight":"normal","section_heading_2_lh":1.3,"font_weight_colle_list":"700","slideshow_text_1_fw":"normal","slideshow_text_1_lh":1.1,"slideshow_text_2_fw":"normal","slideshow_text_3_fw":"normal","slide_text_clr":"#000000","display_overlay_border":false,"slide_border_clr":"#000000","show_buynow":true,"sticky_logo":"","lbl_sale_color":"#ff708e","lbl1_color":"#83cc52","lbl2_color":"#f5a100","lbl3_color":"#39cdf2","image_swatches":false,"header_text_clr":"#000","nav_link_lbl_bg":"#f7d610","navbar_link_bghv":"#1c0505","section_spacing":"70px","color_bg":"#111111","annouance_color_text":"#ffffff","body_bg_position":"default","header_bottom_bdr":"rgba(0,0,0,0)","headed_height":"60","top_bar_icons":"#444444","color_image_overlay":"#ffffff","image_overlay_opacity":"0.7","navbar_bg":"rgba(0,0,0,0)","top_bar_bottom_border":"#fff","pr_tab_bg_ac":"rgba(0,0,0,0)","ttl_sep_line":"#8dc337","header_text":"#444444","header_hlight":"#444444","search_txt":"#444","search_bg":"#fff","search_bdr":"#ddd","nav_bottom_bdr":"#16395b","sidebar_box_bd":"#eee","sidebar_ttls_bg":"#f5f5f5","top_header_border_clr":"#dedede","newsletter_text":"#000000","newsletter_bg":"#b5dafe","cart_icn":"#fff","cart_icn_bg":"#16395b","product_tick_color":"#8dc337","product_review_color":"#f2b827","collection_ttl_opacity_hm":"0.7","collection_ttl_opacity":"0","button_style":"style2","type_base_family":"Google_Roboto_400_sans","type_header_family":"Google_Roboto_400_sans","search_ico":"#fff","search_btn":"#8dc337","product_detail_tab_border":"#e8e9eb","product_detail_tab_text_color":"#2e2d2d","product_detail_tab_active_text_color":"#000","color_button_hv":"#075159","color_small_button_hv":"#ef8700","password_bg":"","password_logo":"","show_collection_image":true,"sort_enable":true,"collection_sidebar":true,"sidebar_position":"left","filter_btn_mobile":false,"grid":"4","rows":"2","display_categories":true,"display_filter_1":true,"filter_1_label":"Price","shop_by_filter1_tag_lists":"Under $50,\nUnder $100, \n$100 - $400, \n$400 - $600,\n$600 - $800,\nAbove $800","display_filter_2":true,"filter_2_label":"Size","shop_by_filter2_tag_lists":"XS,\r\nS,\r\nM,\r\nL,\r\nXL,\r\nXXL,\r\nOne Size","display_filter_3":true,"filter_3_label":"Color","shop_by_color_1_name":"Black","shop_by_color_1":"#000","shop_by_color_2_name":"White","shop_by_color_2":"#fff","shop_by_color_3_name":"Red","shop_by_color_3":"#f93d03","shop_by_color_4_name":"Blue","shop_by_color_4":"#015be2","shop_by_color_5_name":"Pink","shop_by_color_5":"#f53c7f","shop_by_color_6_name":"Silver","shop_by_color_6":"#e1dddf","shop_by_color_7_name":"Gray","shop_by_color_7":"#c3bfc1","shop_by_color_8_name":"Green","shop_by_color_8":"#08b12c","shop_by_color_9_name":"Oragnge","shop_by_color_9":"#f1840e","shop_by_color_10_name":"Marun","shop_by_color_10":"#a5030f","shop_by_color_11_name":"Yellow","shop_by_color_11":"#f7e308","shop_by_color_12_name":"Cyan","shop_by_color_12":"#1a8180","shop_by_color_13_name":"Gold","shop_by_color_13":"#b28f35","shop_by_color_14_name":"Lavender","shop_by_color_14":"#8131c6","shop_by_color_15_name":"LimeGreen","shop_by_color_15":"#32cc08","display_filter_4":true,"filter_4_label":"Brand","shop_by_filter4_tag_lists":"Allen Vela, Famiza, Oxymat, Vanelas, Pagini,\r\nMonark, Cantitate, Lirisla,\r\nZuzuva","display_filter_5":false,"filter_5_label":"","shop_by_filter5_tag_lists":"","display_filter_6":false,"filter_6_label":"","shop_by_filter6_tag_lists":"","display_sidebar_products_carosel":true,"sidebar_products_title":"Popular Products","products_list_collection":"","num_of_products_in_carosel":"4","display_static_banner_block":true,"static_banner_link":"#","display_static_text_block":true,"static_text_block_title":"Static Block","static_text_block_text":"You can manage this text block from admin panel sidebar.","display_product_tags":true,"price_color":"#f77200","footer__middle_topborder_clr":"#ddd","footer_middle_bg_clr":"#eee","footer__middle_text_clr":"#222","footer__bottom_topborder_clr":"#ddd","footer_bottom_bg_clr":"#f5f5f5","footer__bottom_text_clr":"#222","img_bnr_overlay":"#0b76cb","img_bnr_overlay_opacity":"0.3","footer_bg_clr":"#000e11","footer_text_clr":"#ffffff","footer_title_clr":"#ffad00","footer_border_clr":"#f9f9f9","newsletter_input_color":"#fff","newsletter_input_text_color":"#222","newsletter_input_border_color":"#222","newsletter_text_border_color":"#fff","newsletter_text_border_hover_color":"#222","newsletter_bg_clr":"#48a6ae","newsletter_text_clr":"#000","newsletter_border_clr":"#e8e9eb","newsletter_button_clr":"#075159","newsletter_button_hover_clr":"#ffad00","social_icon_colors":"#686868","product_tab_text_color":"#929292","product_tab_active_text_color":"#000","lbl_new_color":"#000000","show_product_label":true,"main_header_bg_clr":"#fff","search_ico_clr":"#000","top_header_text_clr":"#010909","cart_bag_clr":"#000","disable_newsletter_popup":false,"display_newsletter":true,"socia_icon_color":"#141515","display_facebook":true,"display_twitter":true,"display_pinterest":true,"display_instagram":true,"display_tumblr":true,"display_youtube":true,"display_vimeo":true,"type_bold_product_titles":false,"social_snapchat_link":"","is_layout_fullwidth":false,"is_header_fullwidth":true,"header_border_clr":"#e8e9eb","button_bg_clr":"#ffffff","button_text_clr":"#888888","product_filter_heading_clr":"#075159","is_layout_fullwidth?":true,"sections":{"footer":{"type":"footer","blocks":{"1558932043341":{"type":"custom","settings":{"title":"AVONE THE BRAND","logo":"","custom-text":"<p>We have earned a reputation of being good at what we do. \nLet us take your online shop to new dimension in success!<\/p>\n<p>Offering customized options lower the overall inventory and overhead of the business.<\/p>","show_socials":true,"socials_ttl":"","width":"33%"}},"1558932611403":{"type":"menu","settings":{"title":"OUR BRAND","menulinks":"information","width":"25%"}},"1558932651715":{"type":"menu","settings":{"title":"CUSTOMER CARE","menulinks":"customer-service","width":"20%"}},"1543494586357":{"type":"newsletter","settings":{"newltr_align":false,"title":"KEEP UP WITH US","sub_title":"Subscribe for new style releases and special events.","show_socials":false,"socials_ttl":"","width":"20%"}}},"block_order":["1558932043341","1558932611403","1558932651715","1543494586357"],"settings":{"section_width":true,"copyright_text":"© 2019 Avone. All Rights Reserved. Ecommerce Software by Shopify","show_payment":true,"show_payment_visa":true,"show_payment_mastercard":true,"show_payment_american_express":true,"show_payment_paypal":true,"show_payment_discover":true,"show_payment_stripe":true,"show_payment_jcb":true,"payment_img":""}},"cart-template":{"type":"cart-template","settings":{"layout":"style1","cart_notes_enable":true,"display_saving":true,"shippingTax":true,"additionalCheckout":true,"currency_notes":"We processes all orders in [shop.currency]. While the content of your cart is currently displayed in [selected.currency], the checkout will use [shop.currency] at the most current exchange rate.","payment":"","shipping_calculator":true,"shipping_calculator_heading":"Get shipping estimates","shipping_calculator_default_country":"United States","shipping_calculator_submit_button_label":"Calculate shipping","shipping_calculator_submit_button_label_disabled":"Calculating...","enable_giftcard":true,"gift_product":"gift-wrapping","gift_wrap_optin":"diffrent-rate","gift-wrap-text":"Add a Gift Wrap to your order, For $","gift-wrap-msg":"Gift Message Note:"}},"product-template":{"type":"product-template","blocks":{"1551070915808":{"type":"descriptions","settings":{"title":"Product Details"}},"1551070927092":{"type":"review","settings":{"title":"Reviews"}},"1551070946133":{"type":"sizechart","settings":{"title":"Size & Fit"}},"1551070955235":{"type":"custom","settings":{"title":"Shipping & Returns","content":"<p><\/p><h4>Returns Policy<\/h4><br><p>Lorem ipsum dolor sit amet, consectetur adipiscing elit. Fusce eros justo, accumsan non dui sit amet. Phasellus semper volutpat mi sed imperdiet. Ut odio lectus, vulputate non ex non, mattis sollicitudin purus. Mauris consequat justo a enim interdum, in consequat dolor accumsan. Nulla iaculis diam purus, ut vehicula leo efficitur at.<\/p><br><p>Interdum et malesuada fames ac ante ipsum primis in faucibus. In blandit nunc enim, sit amet pharetra erat aliquet ac.<\/p>\n<p><\/p><h4>Shipping<\/h4>\n<p><\/p><p>Pellentesque ultrices ut sem sit amet lacinia. Sed nisi dui, ultrices ut turpis pulvinar. Sed fringilla ex eget lorem consectetur, consectetur blandit lacus varius. Duis vel scelerisque elit, et vestibulum metus. Integer sit amet tincidunt tortor. Ut lacinia ullamcorper massa, a fermentum arcu vehicula ut. Ut efficitur faucibus dui Nullam tristique dolor eget turpis consequat varius. Quisque a interdum augue. Nam ut nibh mauris.<br><\/p>"}},"1556802441189":{"type":"metafields","settings":{"title":"Chair Contents","key":"chair"}},"1556802472044":{"type":"metafields","settings":{"title":"Clothes","key":"clothes"}}},"block_order":["1551070915808","1551070927092","1551070946133","1551070955235","1556802441189","1556802472044"],"settings":{"show_product_tabs":true}},"collection-template":{"type":"collection-template","blocks":{"1514543984698":{"type":"categories","settings":{"title":"COLLECTIONS","side_categories":"categories"}},"1514544048360":{"type":"by_color","settings":{"title":"COLOR","filter_tags":"Black, Red, Green, Blue,  Orange, Pink, White, Gray, Gold, Purple, Navy, Olive, Aqua, Violet, Teal,Salmon,Orchid,\nTan,Aqua Blue,\nWhite Black,\nOlive Green,\nSage,\nCamelot,\nCold Purple,\nGreen Light,","color_size":"medium","color_style":"rectangle"}},"1552451607178":{"type":"filter_by","settings":{"title":"SIZE","filter_tags":"M,S,XS,L,XL","twocall":false}},"1514544014309":{"type":"filter_by","settings":{"title":"PRICE","filter_tags":"Below $100,\nUnder $100,\n$100 - $200,\n$200 - $300,\n$300 - $400,\n$400 - $500\n$500 - $600,\n$600 - $800,\n$800 - $1000,\nAbove $1000","twocall":false}},"1515868614230":{"type":"products","settings":{"title":"POPULAR PRODUCT","sidebar_products":"shoes","num_of_products":"3","side_all_products":false,"side_prod_opt":"slider"}},"1514544155380":{"type":"image_bnr","settings":{"side_bnr_img":"shopify:\/\/shop_images\/collection-side-banner.png","side_bnr_link":"shopify:\/\/collections\/laptops"}},"1514544134292":{"type":"static_text","settings":{"title":"STATIC TEXT BLOCK","text":"<p>Use this text to share information about your brand with your customers.<\/p>\n<p><\/p>\n<p>Describe a product, share announcements, or welcome customers to your store.<\/p>"}}},"block_order":["1514543984698","1514544048360","1552451607178","1514544014309","1515868614230","1514544155380","1514544134292"],"settings":{"fullwidth":false,"show_collection_image":true,"banner_position":"content-side","bheight":240,"bheightipad":90,"bheightmob":60,"banner_style":"info-below","text-align":"text-left","clr_bg":"rgba(0,0,0,0)","clr_text":"#111111","secondary_image":true,"show_vendor":true,"show_product_review":true,"show_product_review_cnt":true,"prlist_btn_show":false,"btn_mobiles":false,"show_color_swatch":true,"color_type":"vrimage","vr_bg_position":"50% 0","color_size":"medium","color_style":"rounded","sort_enable":true,"dis_prod_cnt":true,"dis_grid_icn":true,"prbox_style":"style1","grid":4,"tablet-grid":3,"mobile-grid":2,"rows":"12","pagination":"infinite","collection_sidebar":true,"sidebar_position":"left"}},"contact-template":{"type":"contact-template","settings":{"layout":"style1","show_google_map":true,"map_address":"80 Spadina Ave, Toronto","show_button":true,"api_key":"AIzaSyBfs0U_8RAYVZGgqMLb_dgO55R4Cw0X30k","contact_title":"Drop Us A Line","contact_text_desc":"Lorem Ipsum é um texto modelo da indústria tipográfica e de impressão. O Lorem Ipsum tem vindo a ser o texto padrão usado por estas indústrias desde o ano de 1500","store_opening_time":"<strong>Opening Hours<\/strong>\nMon - Sat : 9am - 11pm<br>\nSunday: 11am - 5pm","logo":"","cnt_title":"","store_address":"<strong>ADDRESS :<\/strong> 55 Gallaxy Enque,\n2568 steet, 23568 NY","store_phone":"<strong>PHONE : <\/strong> (440) 000 000 0000","store_email":"<strong>EMAIL:<\/strong> sales@yousite.com","show_socials":true,"socials_ttl":"<b>STAY CONNECTED<\/b>","form_bg":"#f8f8f8","form_text":"#111111"}},"list-collections-template":{"type":"list-collections-template","blocks":{"1557117928594":{"type":"collection","settings":{"collection":"women","custom_image":"shopify:\/\/shop_images\/women.jpg","custom_name":"Women Tops"}},"1557118850960":{"type":"collection","settings":{"collection":"women-fashion","custom_image":"shopify:\/\/shop_images\/trouser.jpg","custom_name":"New Arrivals"}},"1557118640283":{"type":"collection","settings":{"collection":"popular","custom_image":"shopify:\/\/shop_images\/collection-list-4-demo4.jpg","custom_name":"Mini Skirts"}},"1557117919112":{"type":"collection","settings":{"collection":"accssories","custom_image":"","custom_name":""}},"1557117924677":{"type":"collection","settings":{"collection":"bag","custom_image":"shopify:\/\/shop_images\/bagpack.jpg","custom_name":""}},"1557117940326":{"type":"collection","settings":{"collection":"men","custom_image":"shopify:\/\/shop_images\/colect-bnr2.jpg","custom_name":"Men"}},"1557117951245":{"type":"collection","settings":{"collection":"shoes","custom_image":"shopify:\/\/shop_images\/collection-list-3-demo4.jpg","custom_name":"Women Shoes"}},"1561292589786":{"type":"collection","settings":{"collection":"women-fashion","custom_image":"shopify:\/\/shop_images\/collection-list-5-demo4.jpg","custom_name":"Hot Collection"}},"1564919258286":{"type":"collection","settings":{"collection":"accssories","custom_image":"shopify:\/\/shop_images\/460x340_cb3c1f29-3528-4cf6-a7bc-d6b27b6a14d7.jpg","custom_name":""}}},"block_order":["1557117928594","1557118850960","1557118640283","1557117919112","1557117924677","1557117940326","1557117951245","1561292589786","1564919258286"],"settings":{"section_width":false,"page_title":"Collection 2019","display_type":"selected","sort":"alphabetical","product_count":true,"collection_btn":"Shop Now","style":"style2","grid-spacing":4,"grid":3,"tablet-grid":3,"mobile-grid":1,"collection_ttl_hm":"#ffffff","collection_ttl_bg_hm":"#020101","collection_ttl_opt_hm":0.8}},"blog-template":{"type":"blog-template","settings":{"layout":"grid","sidebar_position":"left","text_align":"text-left","grid":3,"tablet-grid":2,"mobile-grid":1,"blog_show_author":true,"blog_show_date":true,"show_comment":true,"show_mini_des":true,"show_tags":true,"number_of_post_to_show":"4","show_category":true,"category_box_title":"Category","show_recent_posts":true,"recent_posts_title":"Recent Posts","show_banner_ad":true,"sidebar_banner":"","banner_link":"","show_products":true,"collection_title":"Trending Now","sidebar_collection":"","number_of_prodcut":"4"}},"article-template":{"type":"article-template","settings":{"sidebar_position":"left","blog_show_author":true,"blog_show_date":true,"show_share_buttons":true,"show_category":true,"category_box_title":"Category","show_recent_posts":true,"recent_posts_title":"Recent Posts","show_banner_ad":true,"sidebar_banner":"","banner_link":"","show_products":true,"collection_title":"Trending Now","sidebar_collection":"frontpage","number_of_prodcut":"4"}},"image-slideshow":{"type":"image-slideshow","blocks":{"1514539053861":{"type":"image","settings":{"image":"","mb_image":"","link":""}},"1514540186212":{"type":"image","settings":{"image":"","mb_image":"","link":""}},"1514540219114":{"type":"image","settings":{"image":"","mb_image":"","link":""}}},"block_order":["1514539053861","1514540186212","1514540219114"],"settings":{"section_width":true,"top-offeset":"default","autoplay":true,"autoplay_speed":"7000"}},"related-products":{"type":"related-products","settings":{"show_related_products":true,"related_products_autoplay":true,"related_title":"Related Products","related_sub_title":"You can stop autoplay, increase\/decrease aniamtion speed and number of grid to show and products from store admin.","grid":5,"tablet-grid":3,"mobile-grid":2,"related_total_product_to_show":"6"}},"password-content":{"type":"password-content","settings":{"logo":"shopify:\/\/shop_images\/logo.png","logo_max_width":"300","header":"We will launch soon","newsletter_enable":true,"newsletter_form_heading":"Be the first to know when we launch.","newsletter_placeholder":"Email address","newsletter_button_text":"Notify me","show_share_buttons":true,"show_powered_by":false,"social_message":"Stay in touch","password_bg":"","bg_color":"#111111","cnt_bg":"#ffffff","cnt_bg_opacity":"0.9","cnt_txt":"#000000"}},"navigation":{"type":"navigation","blocks":{"1545200462991":{"type":"megamenu1","settings":{"title":"Home","url":"#","mm_linklist":"demos","mmcolumns":2,"rightcall":"product","megamenu1_product":"","megamenu1_image":"","imageurl":"","megamenu2_image":"","Image2url":"#","megamenu3_image":"","Image3url":"#","megamenu4_image":"","Image4url":"","custom_size":true,"mm_size":"300","mm_align":"left"}},"1560070247268":{"type":"megamenu1","settings":{"title":"Shop","url":"#","mm_linklist":"shop-1","mmcolumns":2,"rightcall":"product","megamenu1_product":"","megamenu1_image":"","imageurl":"","megamenu2_image":"","Image2url":"","megamenu3_image":"","Image3url":"","megamenu4_image":"","Image4url":"","custom_size":true,"mm_size":"455","mm_align":"left"}},"1560145007901":{"type":"megamenu1","settings":{"title":"Features","url":"#","mm_linklist":"features","mmcolumns":5,"rightcall":"product","megamenu1_product":"","megamenu1_image":"","imageurl":"","megamenu2_image":"","Image2url":"","megamenu3_image":"","Image3url":"","megamenu4_image":"","Image4url":"","custom_size":true,"mm_size":"900","mm_align":"left"}},"1559988240897":{"type":"dropdown","settings":{"title":"Lookbook","url":"","mm_linklist":"lookbook"}},"1559992848977":{"type":"dropdown","settings":{"title":"Blog","url":"#","mm_linklist":"blog"}}},"block_order":["1545200462991","1560070247268","1560145007901","1559988240897","1559992848977"],"settings":{"menuarrow":false,"menuAlign":"left","nm_label1":"New","nm_label2":"Sale","nm_label3":"Hot","nm_label4":"Populer","nm_label5":"New"}},"recently-viewed":{"type":"recently-viewed","settings":{"show_recently_products":true,"recently_autoplay":true,"recently_title":"Recently Viewed Products","recently_sub_title":"You can stop autoplay, increase\/decrease aniamtion speed and number of grid to show and products from store admin.","grid":4,"tablet-grid":3,"mobile-grid":2,"recently_pr_limit":"6"}},"custom-colors":{"type":"custom-colors","blocks":{"1551081207547":{"type":"Color","settings":{"title":"Red","color":"#f05454","image":""}},"1556110467060":{"type":"Color","settings":{"title":"Emerald","color":"#00646c","image":""}},"1556110714142":{"type":"Color","settings":{"title":"White Black","color":"","image":"shopify:\/\/shop_images\/White-Black_501ba5c3-86d5-4f37-99ea-a6671b3c4ea3.jpg"}},"1556111464421":{"type":"Color","settings":{"title":"Sage","color":"#8da29a","image":""}},"1556166945546":{"type":"Color","settings":{"title":"Olive Green","color":"#bab86c","image":""}},"1556184952859":{"type":"Color","settings":{"title":"Blue","color":"#77bff2","image":""}},"1556185124126":{"type":"Color","settings":{"title":"Green","color":"#37b767","image":""}},"1556188999672":{"type":"Color","settings":{"title":"Yellow","color":"#e3dd0b","image":""}},"1559895617659":{"type":"Color","settings":{"title":"Camel","color":"#df974d","image":""}},"1559896163041":{"type":"Color","settings":{"title":"Black\/Pink","color":"","image":"shopify:\/\/shop_images\/pink-black.jpg"}},"1559896228518":{"type":"Color","settings":{"title":"Black\/Grey","color":"","image":"shopify:\/\/shop_images\/grey-black.jpg"}},"1559896270918":{"type":"Color","settings":{"title":"Blue\/Red","color":"","image":"shopify:\/\/shop_images\/blue-red.jpg"}}},"block_order":["1551081207547","1556110467060","1556110714142","1556111464421","1556166945546","1556184952859","1556185124126","1556188999672","1559895617659","1559896163041","1559896228518","1559896270918"],"settings":{"custom_colors":true}},"1551272048529":{"type":"slideshow","blocks":{"1551272048529-1":{"type":"image","settings":{"image":"shopify:\/\/shop_images\/slide1_79dcfb4b-5024-4ac0-962c-e894a5d4d09f.jpg","mb_image":"","alignment":"top","smalltitle":"","heading1":"#ffffff","title":"FIND YOUR INNER DIVA","heading2":"#ffffff","subheading":"","heading3":"#000000","slide_button_text":"DISCOVER","link":"","text_align":"leftbottom"}},"1551272048529-0":{"type":"image","settings":{"image":"shopify:\/\/shop_images\/cl-bnr2.jpg","mb_image":"","alignment":"top","smalltitle":"WE PROMISE COMFORT","heading1":"#ffffff","title":"Don’t stress about the dress, <br>we’ll dress you to impress.","heading2":"#ffffff","subheading":"","heading3":"#ffffff","slide_button_text":"View Collection","link":"#","text_align":"leftbottom"}}},"block_order":["1551272048529-1","1551272048529-0"],"settings":{"section_width":false,"box-width":1600,"top-offeset":"none","autoplay":true,"autoplay_speed":"7000","arrow":true,"dots":true,"txtanimation":true,"animation-style":"style1","text-align":"default","ds_height":800,"tb_height":490,"mb_height":250}},"top-info-panel":{"type":"top-info-panel","blocks":{"1551876223232":{"type":"text_block","settings":{"image":"","title":"<i class=\" ad ad-truck-l\"><\/i>  10% off outerwear Get em while they're hot","align_text":"center","url":"#"}},"1551876260106":{"type":"text_block","settings":{"image":"","title":"Free shipping On all orders over $100","align_text":"center","url":""}},"1551876638318":{"type":"text_block","settings":{"image":"","title":"Hassle-free returns 60-day postage paid returns","align_text":"center","url":""}}},"block_order":["1551876223232","1551876260106","1551876638318"],"settings":{"fullwidth":true,"topbarmobile":true,"info_bg":"#111111","text_clr":"#ffffff","grid":3,"info_font":12}},"about-template":{"type":"about-template","blocks":{"1553578254469":{"type":"style2","settings":{"aboutimg":"","title1":"<h4><b>WHY WE<\/b><\/h4>","title1des":"<p>Avon comes with easy-to-use interface and outstanding support. You can implement your own design. You can easily change the store's appearance as per your requirements using our ready sections and options available.You can implement your own design. You can easily change the store's appearance as per your requirements using our ready sections and options available.<\/p>","title2":"<h4><b>OUR VISION<\/b><\/h4>","title2des":"<p>Vestibulum ultricies aliquam convallis. Maecenas ut tellus mi. Proin tincidunt, lectus eu volutpat mattis, ante metus lacinia tellus, vitae condimentum nulla enim bibendum nibh. Praesent turpis risus, interdum nec venenatis id, pretium sit amet purus. Interdum et malesuada fames ac ante ipsum primis in faucibus.<\/p>","title3":"<h4><b>OUR MISSION<\/b><\/h4>","title3des":"<p>Excepteur sint occaecat cupidatat non proident, sunt in culpa qui officia deserunt mollit anim id est laborum. sunt in culpa qui officia deserunt mollit anim id est laborum. sunt in culpa qui officia deserunt mollit anim id est laborum.<\/p>","title4":"<h4><b>CONTACT US<\/b><\/h4>","title4des":"<p><strong>55 Gallaxy Enque,<\/strong><br>2568 steet, 23568 NY<\/p>\n<p><strong>Phone<\/strong> : (440) 000 000 0000 <br><strong>Email<\/strong>: sales@yousite.com<\/p>","title5":"<h4><b>OUR \nTEAM<\/b><\/h4>","team1pic":"","team1bio":"<p><strong>STIVE SMITH<\/strong><\/p>\n<p>FOUNDER & CEO<\/p>","socialurl1":"<a href=\"#\"><i class=\"ad ad-facebook-f\"><\/i><\/a>\n<a href=\"#\"><i class=\"ad ad-pinterest-p\"><\/i><\/a>\n<a href=\"#\"><i class=\"ad  ad-twitter \"><\/i><\/a>","team2pic":"","team2bio":"<p><strong>STIVE SMITH<\/strong><\/p>\n<p>CREATIVE DIRECTOR<\/p>","socialurl2":"<a href=\"#\"><i class=\"ad ad-facebook-f\"><\/i><\/a>\n<a href=\"#\"><i class=\"ad ad-pinterest-p\"><\/i><\/a>\n<a href=\"#\"><i class=\"ad  ad-twitter \"><\/i><\/a>","team3pic":"","team3bio":"<p><strong>STIVE SMITH<\/strong><\/p>\n<p>SALES DIRECTOR<\/p>","socialurl3":"<a href=\"#\"><i class=\"ad ad-facebook-f\"><\/i><\/a>\n<a href=\"#\"><i class=\"ad ad-pinterest-p\"><\/i><\/a>\n<a href=\"#\"><i class=\"ad  ad-twitter \"><\/i><\/a>"}},"1553589884401":{"type":"image_with_text","settings":{"image":"","layout":"left","title":"<h4><b>Our Mission<\/b><\/h4>","text":"<p>Duis aute irure dolor in reprehenderit in voluptate velit esse cillum dolore eu fugiat nulla pariatur. Excepteur sint occaecat cupidatat non proident, sunt in culpa qui officia deserunt mollit anim id est laborum.<\/p>","button_label":"","button_link":""}},"1553589941147":{"type":"image_with_text","settings":{"image":"","layout":"right","title":"<h4><b>Our Vision<\/b><\/h4>","text":"<p>Duis aute irure dolor in reprehenderit in voluptate velit esse cillum dolore eu fugiat nulla pariatur. Excepteur sint occaecat cupidatat non proident, sunt in culpa qui officia deserunt mollit anim id est laborum.<\/p>","button_label":"","button_link":""}},"1553590025679":{"type":"image_with_text","settings":{"image":"","layout":"left","title":"<h4><b>The Founder<\/b><\/h4>","text":"<p>Duis aute irure dolor in reprehenderit in voluptate velit esse cillum dolore eu fugiat nulla pariatur. Excepteur sint occaecat cupidatat non proident, sunt in culpa qui officia deserunt mollit anim id est laborum.<\/p>","button_label":"Read More","button_link":"#"}}},"block_order":["1553578254469","1553589884401","1553589941147","1553590025679"],"settings":{"top-text":"<p>Quis nostrud exercitation ullamco laboris nisi ut aliquip ex ea commodo consequat. Duis aute irure dolor in reprehenderit in voluptate velit esse cillum dolore eu fugiat nulla pariatur. Excepteur sint occaecat cupidatat non proident, sunt in culpa qui officia deserunt mollit anim id est laborum.<\/p>","pagestyle":"style1"}},"faq-template":{"type":"faq-template","blocks":{"1553603314287":{"type":"faqsection","settings":{"sectiontitle":"Shopping"}},"1553602500682":{"type":"faqs","settings":{"question":"What Shipping Methods Are Available?","answer":"Nullam sed neque luctus, maximus diam sed, facilisis orci. Nunc ultricies neque a aliquam sollicitudin. Vivamus sit amet finibus sapien. Duis est dui, sodales nec pretium a, interdum in lacus. Sed et est vel velit vestibulum tincidunt non a felis. Phasellus convallis, diam eu facilisis tincidunt, ex nibh vulputate dolor, eu maximus massa libero vel eros."}},"1553602843258":{"type":"faqs","settings":{"question":"How do I place an Order?","answer":"Duis nec nisi id ligula dapibus maximus nec eu dui. Proin ornare, ipsum vitae tincidunt rutrum, diam neque accumsan turpis, a dignissim nisi libero non lacus. Nulla quis massa nulla. Morbi metus lacus, sagittis sed est vel, aliquet ultrices nibh. Morbi auctor ex eget egestas auctor.   Duis nec nisi id ligula dapibus maximus nec eu dui. Proin ornare, ipsum vitae tincidunt rutrum, diam neque accumsan turpis, a dignissim nisi libero non lacus. Nulla quis massa nulla. Morbi metus lacus, sagittis sed est vel, aliquet ultrices nibh. Morbi auctor ex eget egestas auctor."}},"1553603329876":{"type":"faqsection","settings":{"sectiontitle":"Payment"}},"1553602722941":{"type":"faqs","settings":{"question":"What Payment Methods Are Accepted?","answer":"Nullam sed neque luctus, maximus diam sed, facilisis orci. Nunc ultricies neque a aliquam sollicitudin. Vivamus sit amet finibus sapien. Duis est dui, sodales nec pretium a, interdum in lacus. Sed et est vel velit vestibulum tincidunt non a felis. Phasellus convallis, diam eu facilisis tincidunt"}},"1553602889369":{"type":"faqs","settings":{"question":"Do You Ship Internationally?","answer":"It is a long established fact that a reader will be distracted by the readable content of a page when looking at its layout.It is a long established fact that a reader will be distracted by the readable content of a page when looking at its layout."}},"1553602923016":{"type":"faqs","settings":{"question":"What Payment Methods Are Accepted?","answer":"Nullam sed neque luctus, maximus diam sed, facilisis orci. Nunc ultricies neque a aliquam sollicitudin. Vivamus sit amet finibus sapien. Duis est dui, sodales nec pretium a, interdum in lacus. Sed et est vel velit vestibulum tincidunt non a felis. Phasellus convallis, diam eu facilisis tincidunt, ex nibh vulputate dolor, eu maximus massa libero vel eros. In vulputate metus lacus, eu vehicula dolor feugiat id. Nulla vitae nisl in ex consequat porttitor vel a lectus. Vestibulum viverra in velit ac consequat. Nullam porta nulla eu dignissim cursus."}},"1553603400182":{"type":"faqsection","settings":{"sectiontitle":"Returns"}},"1553603365355":{"type":"faqs","settings":{"question":"Is Buying On-Line Safe?","answer":"Nullam sed neque luctus, maximus diam sed, facilisis orci. Nunc ultricies neque a aliquam sollicitudin. Vivamus sit amet finibus sapien. Duis est dui, sodales nec pretium a, interdum in lacus. Sed et est vel velit vestibulum tincidunt non a felis. Phasellus convallis, diam eu facilisis tincidunt, ex nibh vulputate dolor, eu maximus massa libero vel eros. In vulputate metus lacus, eu vehicula dolor feugiat id. Nulla vitae nisl in ex consequat porttitor vel a lectus."}},"1553603427067":{"type":"faqs","settings":{"question":"Do I have to pay anything to return my items?","answer":"Nullam sed neque luctus, maximus diam sed, facilisis orci. Nunc ultricies neque a aliquam sollicitudin. Vivamus sit amet finibus sapien. Duis est dui, sodales nec pretium a, interdum in lacus."}},"1553603439453":{"type":"faqs","settings":{"question":"How do I return an item?","answer":"In vulputate metus lacus, eu vehicula dolor feugiat id. Nulla vitae nisl in ex consequat porttitor vel a lectus. Vestibulum viverra in velit ac consequat. Nullam porta nulla eu dignissim cursus."}}},"block_order":["1553603314287","1553602500682","1553602843258","1553603329876","1553602722941","1553602889369","1553602923016","1553603400182","1553603365355","1553603427067","1553603439453"],"settings":{"pagestyle":"style1","sec-title-bg":"#333333","sec-title":"#eeeeee"}},"lookbook":{"type":"lookbook","blocks":{"1556020238652":{"type":"lookbook1","settings":{"image":"","url":"shopify:\/\/collections\/accesories","title":"dfsds","title2":"sds","width":"50%","product1":"innerbloom-puffer-jacket","p1_top":10,"p1_left":25,"dis-pstn1":"left","product2":"black-flower-vase","p2_top":65,"p2_left":64,"dis-pstn2":"left","product3":"","p3_top":1,"p3_left":1,"dis-pstn3":"left","product4":"","p4_top":1,"p4_left":1,"dis-pstn4":"left"}},"1556020206822":{"type":"lookbook1","settings":{"image":"","url":"shopify:\/\/collections\/accesories","title":"sds","title2":"dsd","width":"25%","product1":"","p1_top":1,"p1_left":1,"dis-pstn1":"left","product2":"","p2_top":1,"p2_left":1,"dis-pstn2":"left","product3":"","p3_top":1,"p3_left":1,"dis-pstn3":"left","product4":"","p4_top":1,"p4_left":1,"dis-pstn4":"left"}},"1556020391737":{"type":"lookbook1","settings":{"image":"","url":"","title":"dfg","title2":"dfgd","width":"25%","product1":"","p1_top":1,"p1_left":1,"dis-pstn1":"left","product2":"","p2_top":1,"p2_left":1,"dis-pstn2":"left","product3":"","p3_top":1,"p3_left":1,"dis-pstn3":"left","product4":"","p4_top":1,"p4_left":1,"dis-pstn4":"left"}},"1556080853264":{"type":"lookbook1","settings":{"image":"","url":"","title":"","title2":"","width":"50%","product1":"","p1_top":1,"p1_left":1,"dis-pstn1":"left","product2":"","p2_top":1,"p2_left":1,"dis-pstn2":"left","product3":"","p3_top":1,"p3_left":1,"dis-pstn3":"left","product4":"","p4_top":1,"p4_left":1,"dis-pstn4":"left"}}},"block_order":["1556020238652","1556020206822","1556020391737","1556080853264"],"settings":{"fullwidth":false,"lb-style":"shop","grid-spacing":2,"grid-spacing-mbl":5,"grid-spacing-col":4,"cap_bg":"#eeeeee","cap_text":"#111111","zoom_bg":"#ffffff","zoom_text":"#111111"}},"1558930959941":{"type":"logo-bar","disabled":true,"blocks":{"1558930959941-0":{"type":"logo_image","settings":{"image":"shopify:\/\/shop_images\/5_0c0397a5-2ba0-4637-a9f6-86e68b3d6289.png","link":""}},"1558930959941-1":{"type":"logo_image","settings":{"image":"shopify:\/\/shop_images\/4.png","link":""}},"1558930959941-2":{"type":"logo_image","settings":{"image":"shopify:\/\/shop_images\/3.png","link":""}},"1558930959941-3":{"type":"logo_image","settings":{"image":"shopify:\/\/shop_images\/1_6bea7f1e-dc0a-446d-9714-c15ac0eaab06.png","link":""}},"1558930959941-4":{"type":"logo_image","settings":{"image":"shopify:\/\/shop_images\/2.png","link":""}},"1558930959941-5":{"type":"logo_image","settings":{"image":"shopify:\/\/shop_images\/6.png","link":""}}},"block_order":["1558930959941-0","1558930959941-1","1558930959941-2","1558930959941-3","1558930959941-4","1558930959941-5"],"settings":{"top-offeset":"default","title":"OUR BRANDS","subtitle":"","grid":6,"tablet-grid":5,"mobile-grid":3}},"1558931025294":{"type":"custom-content","blocks":{"1558931025294-0":{"type":"text","settings":{"image":"","title":"VISIT OUR STORE","font-size":"small","text":"<p>Karolusplassen 4081 5826 &Aring;LESUND, Norway.<\/p>\n<p><strong>Open<\/strong>: 11am - 7pm every day.<\/p>\n<p><strong>Phone<\/strong>: 0832 2268010<\/p>","btntxt":"MAP","btnurl":"#","width":"50%","alignment":"center","align_text":"center"}},"1558931025294-1":{"type":"image","settings":{"image":"shopify:\/\/shop_images\/store.jpg","imgurl":"","width":"50%","alignment":"center"}}},"block_order":["1558931025294-0","1558931025294-1"],"settings":{"title":"","subtitle":"","top-offeset":"default","section_width":false,"pad-desk":55,"pad-ipad":15,"pad-mbl":10,"section_cov":true,"prbox_style":"style1","sec_bg_clr":"#fafafa"}},"1561890875572":{"type":"custom-content","blocks":{"1561890917079":{"type":"product","settings":{"product":"casual-indigo-shirt","width":"25%","alignment":"center"}},"1561890931221":{"type":"product","settings":{"product":"cargo-pant","width":"25%","alignment":"center"}},"1561890952120":{"type":"product","settings":{"product":"men-striped-ringer-tee","width":"25%","alignment":"center"}},"1561890964770":{"type":"collection","settings":{"collection_image":"shopify:\/\/shop_images\/men_731c817b-0e7e-4e97-8c4b-bf4af9b2cb5e.jpg","collection":"men","collection_name":"Explore Now","width":"25%"}}},"block_order":["1561890917079","1561890931221","1561890952120","1561890964770"],"settings":{"title":"MEN'S NEW ARRIVAL","subtitle":"","top-offeset":"default","section_width":false,"pad-desk":55,"pad-ipad":15,"pad-mbl":10,"section_cov":false,"prbox_style":"style1","sec_bg_clr":"#fafafa"}},"1561891058929":{"type":"custom-content","blocks":{"1561891088552":{"type":"product","settings":{"product":"casual-lace-up-shoes","width":"25%","alignment":"top-left"}},"1561891107030":{"type":"product","settings":{"product":"lace-up-low-top-sneakers","width":"25%","alignment":"top-left"}},"1561891116404":{"type":"product","settings":{"product":"top-slip-on-velcro-sneakers","width":"25%","alignment":"top-left"}},"1561891127629":{"type":"collection","settings":{"collection_image":"shopify:\/\/shop_images\/shoes_52784728-482f-48d0-836c-a49f11009457.jpg","collection":"men-shoes","collection_name":"Explore Now","width":"25%"}}},"block_order":["1561891088552","1561891107030","1561891116404","1561891127629"],"settings":{"title":"DESIGNER SHOES","subtitle":"","top-offeset":"default","section_width":false,"pad-desk":55,"pad-ipad":15,"pad-mbl":10,"section_cov":false,"prbox_style":"style1","sec_bg_clr":"#fafafa"}},"1561891770109":{"type":"custom-content","blocks":{"1561891790897":{"type":"product","settings":{"product":"crop-top-green-1","width":"25%","alignment":"center"}},"1561891802616":{"type":"product","settings":{"product":"button-up-top-black","width":"25%","alignment":"center"}},"1561891814080":{"type":"product","settings":{"product":"moonlight-bay-knit","width":"25%","alignment":"center"}},"1561891839306":{"type":"collection","settings":{"collection_image":"shopify:\/\/shop_images\/women_18fca102-6f1a-4c07-8aa2-7f9300bf12fd.jpg","collection":"women","collection_name":"Explore Now","width":"25%"}}},"block_order":["1561891790897","1561891802616","1561891814080","1561891839306"],"settings":{"title":"WOMEN'S FASHION","subtitle":"","top-offeset":"default","section_width":false,"pad-desk":55,"pad-ipad":15,"pad-mbl":10,"section_cov":false,"prbox_style":"style1","sec_bg_clr":"#fafafa"}},"1561953410389":{"type":"collection-list","blocks":{"1561953410389-0":{"type":"featured_collection","settings":{"collection":"women","collection_image":"shopify:\/\/shop_images\/cl-cat1.jpg","collection_name":"Pink Crop Tops","collection_btn":"Shop Now"}},"1561953410389-1":{"type":"featured_collection","settings":{"collection":"women","collection_image":"shopify:\/\/shop_images\/cl-cat2.jpg","collection_name":"Black Tops","collection_btn":"Shop Now"}},"1561953410389-2":{"type":"featured_collection","settings":{"collection":"women","collection_image":"shopify:\/\/shop_images\/cl-cat3.jpg","collection_name":"Green Hoodie","collection_btn":"Shop Now"}},"1561953410389-3":{"type":"featured_collection","settings":{"collection":"women","collection_image":"shopify:\/\/shop_images\/cl-cat4.jpg","collection_name":"Yellow Tops","collection_btn":"Shop Now"}}},"block_order":["1561953410389-0","1561953410389-1","1561953410389-2","1561953410389-3"],"settings":{"title":"AVONE STYLES","subtitle":"CHOOSE YOUR FAVORITE COLOR","top-offeset":"default","section_width":false,"pad-desk":55,"pad-ipad":15,"pad-mbl":10,"section_cov":false,"sec_bg_clr":"#fafafa","hide_mobile":false,"enable_carousel":false,"grid-spacing":20,"grid-spacing-mbl":5,"style":"style2","product_count":false,"show_buttons":false,"grid":2,"tablet-grid":2,"mobile-grid":2,"collection_ttl_hm":"#111111","collection_ttl_bg_hm":"#ffffff","collection_ttl_bg_hm_responsive":"#000","collection_ttl_opt_hm":1}}},"content_for_index":["1551272048529","1561891770109","1561890875572","1561891058929","1561953410389","1558930959941","1558931025294"]},"presets":{"Default":{"color_text":"#3d4246","color_body_text":"#788188","color_sale_text":"#7796A8","color_borders":"#e8e9eb","color_button":"#7796A8","color_button_text":"#fff","color_small_button":"#fff","color_small_button_text":"#3d4246","color_text_field":"#fff","color_text_field_text":"#000","color_image_overlay_text":"#fff","color_image_overlay":"#3d4246","image_overlay_opacity":"0.25","color_body_bg":"#fff","type_header_family":"Google_Work+Sans_600_sans","type_header_base_size":"26px","type_base_family":"Google_Work+Sans_400_sans","type_base_size":"16px","type_bold_product_titles":false,"share_facebook":true,"share_twitter":true,"share_pinterest":true,"sections":{"hero":{"type":"hero","settings":{}},"slideshow":{"type":"slideshow","blocks":{"slideshow-0":{"type":"image","settings":{}},"slideshow-1":{"type":"image","settings":{}}},"block_order":["slideshow-0","slideshow-1"],"settings":{}},"feature-row":{"type":"feature-row","settings":{}},"footer":{"type":"footer","settings":{}}},"content_for_index":["hero","feature-row","slideshow"]}}}